model_name,augment_dim,seed,epochs,lr,batch_size,ode_hidden_dim,n_samples,train_tol,train_mse_at_train_tol,train_nfe_at_train_tol,eval_tol,mse,fwd_nfe,recon_rel,recon_ok,capped,hardware
NODE,0,0,50,0.001,64,32,3000,0.001,1.0001620054244995,50.0,0.001,1.0001620054244995,50.0,1.965055227279663,0,0,cpu
NODE,0,0,50,0.001,64,32,3000,0.001,1.0001620054244995,50.0,1e-05,1.0002429485321045,98.0,0.018562084063887596,0,0,cpu
NODE,0,0,50,0.001,64,32,3000,0.001,1.0001620054244995,50.0,1e-06,1.0002446174621582,146.0,0.0013986231060698628,1,0,cpu
NODE,0,0,50,0.001,64,32,3000,0.001,1.0001620054244995,50.0,1e-07,1.0002442598342896,290.0,0.00033758493373170495,1,0,cpu
NODE,0,0,50,0.001,64,32,3000,0.001,1.0001620054244995,50.0,1e-08,1.0002442598342896,680.0,0.00020714986021630466,1,0,cpu
NODE,0,0,50,0.001,64,32,3000,0.001,1.0001620054244995,50.0,1e-09,1.0002442598342896,1394.0,0.00021882167493458837,1,0,cpu
NODE,0,1,50,0.001,64,32,3000,0.001,0.9998528361320496,56.0,0.001,0.9998528361320496,56.0,2.3912739753723145,0,0,cpu
NODE,0,1,50,0.001,64,32,3000,0.001,0.9998528361320496,56.0,1e-05,1.0000711679458618,104.0,0.25596189498901367,0,0,cpu
NODE,0,1,50,0.001,64,32,3000,0.001,0.9998528361320496,56.0,1e-06,1.0000722408294678,158.0,0.004099691286683083,1,0,cpu
NODE,0,1,50,0.001,64,32,3000,0.001,0.9998528361320496,56.0,1e-07,1.0000718832015991,278.0,0.0004552962782327086,1,0,cpu
NODE,0,1,50,0.001,64,32,3000,0.001,0.9998528361320496,56.0,1e-08,1.0000718832015991,662.0,0.00038371645496226847,1,0,cpu
NODE,0,1,50,0.001,64,32,3000,0.001,0.9998528361320496,56.0,1e-09,1.0000717639923096,1370.0,0.00026409613201394677,1,0,cpu
NODE,0,2,50,0.001,64,32,3000,0.001,1.0000613927841187,50.0,0.001,1.0000613927841187,50.0,2.403857469558716,0,0,cpu
NODE,0,2,50,0.001,64,32,3000,0.001,1.0000613927841187,50.0,1e-05,1.0001330375671387,86.0,0.004433909431099892,1,0,cpu
NODE,0,2,50,0.001,64,32,3000,0.001,1.0000613927841187,50.0,1e-06,1.000131607055664,152.0,0.35509365797042847,0,0,cpu
NODE,0,2,50,0.001,64,32,3000,0.001,1.0000613927841187,50.0,1e-07,1.0001314878463745,344.0,0.0006053420947864652,1,0,cpu
NODE,0,2,50,0.001,64,32,3000,0.001,1.0000613927841187,50.0,1e-08,1.0001314878463745,686.0,0.00039951057988218963,1,0,cpu
NODE,0,2,50,0.001,64,32,3000,0.001,1.0000613927841187,50.0,1e-09,1.0001314878463745,1382.0,0.0004809317470062524,1,0,cpu
NODE,0,3,50,0.001,64,32,3000,0.001,1.0000560283660889,68.0,0.001,1.0000560283660889,68.0,25.35188102722168,0,0,cpu
NODE,0,3,50,0.001,64,32,3000,0.001,1.0000560283660889,68.0,1e-05,1.0000277757644653,104.0,9.400004386901855,0,0,cpu
NODE,0,3,50,0.001,64,32,3000,0.001,1.0000560283660889,68.0,1e-06,1.000025987625122,176.0,3.7576916217803955,0,0,cpu
NODE,0,3,50,0.001,64,32,3000,0.001,1.0000560283660889,68.0,1e-07,1.000025987625122,332.0,1.6910879611968994,0,0,cpu
NODE,0,3,50,0.001,64,32,3000,0.001,1.0000560283660889,68.0,1e-08,1.000025987625122,728.0,0.038737792521715164,0,0,cpu
NODE,0,3,50,0.001,64,32,3000,0.001,1.0000560283660889,68.0,1e-09,1.0000258684158325,1496.0,0.01385198999196291,0,0,cpu
NODE,0,4,50,0.001,64,32,3000,0.001,1.0000629425048828,50.0,0.001,1.0000629425048828,50.0,1.9520031213760376,0,0,cpu
NODE,0,4,50,0.001,64,32,3000,0.001,1.0000629425048828,50.0,1e-05,1.0001107454299927,92.0,0.12637104094028473,0,0,cpu
NODE,0,4,50,0.001,64,32,3000,0.001,1.0000629425048828,50.0,1e-06,1.00011146068573,152.0,0.0019375222036615014,1,0,cpu
NODE,0,4,50,0.001,64,32,3000,0.001,1.0000629425048828,50.0,1e-07,1.00011146068573,320.0,0.0014894144842401147,1,0,cpu
NODE,0,4,50,0.001,64,32,3000,0.001,1.0000629425048828,50.0,1e-08,1.0001113414764404,650.0,0.0005731299752369523,1,0,cpu
NODE,0,4,50,0.001,64,32,3000,0.001,1.0000629425048828,50.0,1e-09,1.0001113414764404,1376.0,0.0002762579533737153,1,0,cpu
ANODE-p1,1,0,50,0.001,64,32,3000,0.001,3.889047945904167e-07,20.0,0.001,3.889047945904167e-07,20.0,0.019903583452105522,0,0,cpu
ANODE-p1,1,0,50,0.001,64,32,3000,0.001,3.889047945904167e-07,20.0,1e-05,2.404532096988987e-06,50.0,0.0028779208660125732,1,0,cpu
ANODE-p1,1,0,50,0.001,64,32,3000,0.001,3.889047945904167e-07,20.0,1e-06,2.3449833861377556e-06,116.0,0.00043825365719385445,1,0,cpu
ANODE-p1,1,0,50,0.001,64,32,3000,0.001,3.889047945904167e-07,20.0,1e-07,2.302665961906314e-06,254.0,7.235045632114634e-05,1,0,cpu
ANODE-p1,1,0,50,0.001,64,32,3000,0.001,3.889047945904167e-07,20.0,1e-08,2.3042707653075922e-06,536.0,1.7169650163850747e-05,1,0,cpu
ANODE-p1,1,0,50,0.001,64,32,3000,0.001,3.889047945904167e-07,20.0,1e-09,2.3030124793876894e-06,1208.0,7.268083663802827e-06,1,0,cpu
ANODE-p1,1,1,50,0.001,64,32,3000,0.001,2.000225549636525e-06,20.0,0.001,2.000225549636525e-06,20.0,0.004641624633222818,1,0,cpu
ANODE-p1,1,1,50,0.001,64,32,3000,0.001,2.000225549636525e-06,20.0,1e-05,2.2782519408792723e-06,44.0,0.0013628603192046285,1,0,cpu
ANODE-p1,1,1,50,0.001,64,32,3000,0.001,2.000225549636525e-06,20.0,1e-06,2.431727125440375e-06,68.0,0.00031962626962922513,1,0,cpu
ANODE-p1,1,1,50,0.001,64,32,3000,0.001,2.000225549636525e-06,20.0,1e-07,2.489943426553509e-06,200.0,4.116387208341621e-05,1,0,cpu
ANODE-p1,1,1,50,0.001,64,32,3000,0.001,2.000225549636525e-06,20.0,1e-08,2.4902994937292533e-06,386.0,1.345017062703846e-05,1,0,cpu
ANODE-p1,1,1,50,0.001,64,32,3000,0.001,2.000225549636525e-06,20.0,1e-09,2.490415681677405e-06,848.0,3.558969638106646e-06,1,0,cpu
ANODE-p1,1,2,50,0.001,64,32,3000,0.001,6.618377483391669e-06,20.0,0.001,6.618377483391669e-06,20.0,0.01855645328760147,0,0,cpu
ANODE-p1,1,2,50,0.001,64,32,3000,0.001,6.618377483391669e-06,20.0,1e-05,6.171926997922128e-06,44.0,0.001330898841843009,1,0,cpu
ANODE-p1,1,2,50,0.001,64,32,3000,0.001,6.618377483391669e-06,20.0,1e-06,5.397216227720492e-06,98.0,0.00030963035533204675,1,0,cpu
ANODE-p1,1,2,50,0.001,64,32,3000,0.001,6.618377483391669e-06,20.0,1e-07,5.446260274766246e-06,206.0,8.64562316564843e-05,1,0,cpu
ANODE-p1,1,2,50,0.001,64,32,3000,0.001,6.618377483391669e-06,20.0,1e-08,5.4779115998826455e-06,494.0,1.4839628420304507e-05,1,0,cpu
ANODE-p1,1,2,50,0.001,64,32,3000,0.001,6.618377483391669e-06,20.0,1e-09,5.477449121826794e-06,1094.0,3.011914486705791e-06,1,0,cpu
ANODE-p1,1,3,50,0.001,64,32,3000,0.001,4.946219178236788e-06,20.0,0.001,4.946219178236788e-06,20.0,0.010417158715426922,0,0,cpu
ANODE-p1,1,3,50,0.001,64,32,3000,0.001,4.946219178236788e-06,20.0,1e-05,3.310564352432266e-05,44.0,0.001238037715665996,1,0,cpu
ANODE-p1,1,3,50,0.001,64,32,3000,0.001,4.946219178236788e-06,20.0,1e-06,3.366191958775744e-05,92.0,0.0002579606371000409,1,0,cpu
ANODE-p1,1,3,50,0.001,64,32,3000,0.001,4.946219178236788e-06,20.0,1e-07,3.350563201820478e-05,206.0,4.4307689677225426e-05,1,0,cpu
ANODE-p1,1,3,50,0.001,64,32,3000,0.001,4.946219178236788e-06,20.0,1e-08,3.3461728889960796e-05,494.0,1.0356729035265744e-05,1,0,cpu
ANODE-p1,1,3,50,0.001,64,32,3000,0.001,4.946219178236788e-06,20.0,1e-09,3.345863660797477e-05,1076.0,3.589748075683019e-06,1,0,cpu
ANODE-p1,1,4,50,0.001,64,32,3000,0.001,2.601107189548202e-05,20.0,0.001,2.601107189548202e-05,20.0,0.008453992195427418,1,0,cpu
ANODE-p1,1,4,50,0.001,64,32,3000,0.001,2.601107189548202e-05,20.0,1e-05,2.6301788238924928e-05,38.0,0.0012205808889120817,1,0,cpu
ANODE-p1,1,4,50,0.001,64,32,3000,0.001,2.601107189548202e-05,20.0,1e-06,2.804013274726458e-05,92.0,0.00032949887099675834,1,0,cpu
ANODE-p1,1,4,50,0.001,64,32,3000,0.001,2.601107189548202e-05,20.0,1e-07,2.7534353648661636e-05,218.0,5.180877633392811e-05,1,0,cpu
ANODE-p1,1,4,50,0.001,64,32,3000,0.001,2.601107189548202e-05,20.0,1e-08,2.7548358048079535e-05,452.0,1.776516182872001e-05,1,0,cpu
ANODE-p1,1,4,50,0.001,64,32,3000,0.001,2.601107189548202e-05,20.0,1e-09,2.754786873992998e-05,986.0,6.262900569709018e-06,1,0,cpu
ANODE-p5,5,0,50,0.001,64,32,3000,0.001,4.955662916472647e-06,20.0,0.001,4.955662916472647e-06,20.0,0.007875259034335613,1,0,cpu
ANODE-p5,5,0,50,0.001,64,32,3000,0.001,4.955662916472647e-06,20.0,1e-05,2.8703361749649048e-06,38.0,0.0012767770094797015,1,0,cpu
ANODE-p5,5,0,50,0.001,64,32,3000,0.001,4.955662916472647e-06,20.0,1e-06,2.5289289169450058e-06,74.0,0.0002576519618742168,1,0,cpu
ANODE-p5,5,0,50,0.001,64,32,3000,0.001,4.955662916472647e-06,20.0,1e-07,2.5056276626855833e-06,194.0,5.708629760192707e-05,1,0,cpu
ANODE-p5,5,0,50,0.001,64,32,3000,0.001,4.955662916472647e-06,20.0,1e-08,2.5080730665649753e-06,404.0,1.0450582522025798e-05,1,0,cpu
ANODE-p5,5,0,50,0.001,64,32,3000,0.001,4.955662916472647e-06,20.0,1e-09,2.5080892100959318e-06,896.0,3.3585338314878754e-06,1,0,cpu
ANODE-p5,5,1,50,0.001,64,32,3000,0.001,1.3954954170003475e-07,20.0,0.001,1.3954954170003475e-07,20.0,0.0055315871722996235,1,0,cpu
ANODE-p5,5,1,50,0.001,64,32,3000,0.001,1.3954954170003475e-07,20.0,1e-05,8.615889441898616e-07,38.0,0.0021123960614204407,1,0,cpu
ANODE-p5,5,1,50,0.001,64,32,3000,0.001,1.3954954170003475e-07,20.0,1e-06,8.515051490576298e-07,62.0,0.00030524071189574897,1,0,cpu
ANODE-p5,5,1,50,0.001,64,32,3000,0.001,1.3954954170003475e-07,20.0,1e-07,1.027669327413605e-06,122.0,5.2814488299191e-05,1,0,cpu
ANODE-p5,5,1,50,0.001,64,32,3000,0.001,1.3954954170003475e-07,20.0,1e-08,1.0119210855918936e-06,320.0,7.450415523635456e-06,1,0,cpu
ANODE-p5,5,1,50,0.001,64,32,3000,0.001,1.3954954170003475e-07,20.0,1e-09,1.0113416237800266e-06,698.0,6.648593625868671e-06,1,0,cpu
ANODE-p5,5,2,50,0.001,64,32,3000,0.001,1.2802065612049773e-05,20.0,0.001,1.2802065612049773e-05,20.0,0.02797146514058113,0,0,cpu
ANODE-p5,5,2,50,0.001,64,32,3000,0.001,1.2802065612049773e-05,20.0,1e-05,3.4422060707584023e-05,44.0,0.0022406040225178003,1,0,cpu
ANODE-p5,5,2,50,0.001,64,32,3000,0.001,1.2802065612049773e-05,20.0,1e-06,3.5644239687826484e-05,86.0,0.00043100013863295317,1,0,cpu
ANODE-p5,5,2,50,0.001,64,32,3000,0.001,1.2802065612049773e-05,20.0,1e-07,3.569266846170649e-05,230.0,8.800927753327414e-05,1,0,cpu
ANODE-p5,5,2,50,0.001,64,32,3000,0.001,1.2802065612049773e-05,20.0,1e-08,3.571219349396415e-05,494.0,1.7946607840713114e-05,1,0,cpu
ANODE-p5,5,2,50,0.001,64,32,3000,0.001,1.2802065612049773e-05,20.0,1e-09,3.5717202990781516e-05,1058.0,6.776498139515752e-06,1,0,cpu
ANODE-p5,5,3,50,0.001,64,32,3000,0.001,7.993988901944249e-07,20.0,0.001,7.993988901944249e-07,20.0,0.01776880957186222,0,0,cpu
ANODE-p5,5,3,50,0.001,64,32,3000,0.001,7.993988901944249e-07,20.0,1e-05,5.859124939888716e-06,44.0,0.0015342151746153831,1,0,cpu
ANODE-p5,5,3,50,0.001,64,32,3000,0.001,7.993988901944249e-07,20.0,1e-06,5.208643869991647e-06,74.0,0.0002931854978669435,1,0,cpu
ANODE-p5,5,3,50,0.001,64,32,3000,0.001,7.993988901944249e-07,20.0,1e-07,5.176518243388273e-06,170.0,7.016912422841415e-05,1,0,cpu
ANODE-p5,5,3,50,0.001,64,32,3000,0.001,7.993988901944249e-07,20.0,1e-08,5.184748715691967e-06,356.0,1.1833069038402755e-05,1,0,cpu
ANODE-p5,5,3,50,0.001,64,32,3000,0.001,7.993988901944249e-07,20.0,1e-09,5.185541795071913e-06,782.0,7.206307600426953e-06,1,0,cpu
ANODE-p5,5,4,50,0.001,64,32,3000,0.001,6.327979917841731e-06,20.0,0.001,6.327979917841731e-06,20.0,0.015745194628834724,0,0,cpu
ANODE-p5,5,4,50,0.001,64,32,3000,0.001,6.327979917841731e-06,20.0,1e-05,8.511718078807462e-06,38.0,0.0021779865492135286,1,0,cpu
ANODE-p5,5,4,50,0.001,64,32,3000,0.001,6.327979917841731e-06,20.0,1e-06,8.58356634125812e-06,68.0,0.0004150959139224142,1,0,cpu
ANODE-p5,5,4,50,0.001,64,32,3000,0.001,6.327979917841731e-06,20.0,1e-07,8.470587090414483e-06,164.0,8.440907549811527e-05,1,0,cpu
ANODE-p5,5,4,50,0.001,64,32,3000,0.001,6.327979917841731e-06,20.0,1e-08,8.480468750349246e-06,392.0,1.0620384273352101e-05,1,0,cpu
ANODE-p5,5,4,50,0.001,64,32,3000,0.001,6.327979917841731e-06,20.0,1e-09,8.481443728669547e-06,848.0,9.37223740038462e-06,1,0,cpu
