model,seed,epoch,eval_tol,fwd_nfe,recon_rel,recon_ok,capped
NODE,0,1,1e-05,44,0.0006157360621728003,1,0
NODE,0,1,1e-06,74,0.00012321790563873947,1,0
NODE,0,1,1e-07,206,2.5705790903884917e-05,1,0
NODE,0,2,1e-05,50,0.0005737754981964827,1,0
NODE,0,2,1e-06,92,0.00016728976333979517,1,0
NODE,0,2,1e-07,230,3.655502223409712e-05,1,0
NODE,0,3,1e-05,50,0.0017583115259185433,1,0
NODE,0,3,1e-06,104,0.0002190853119827807,1,0
NODE,0,3,1e-07,236,3.920908784493804e-05,1,0
NODE,0,4,1e-05,56,0.001555132563225925,1,0
NODE,0,4,1e-06,110,0.00020071520702913404,1,0
NODE,0,4,1e-07,278,4.862571586272679e-05,1,0
NODE,0,5,1e-05,56,0.001768743502907455,1,0
NODE,0,5,1e-06,116,0.00037899051676504314,1,0
NODE,0,5,1e-07,290,7.350827945629135e-05,1,0
NODE,0,6,1e-05,56,0.00198161113075912,1,0
NODE,0,6,1e-06,122,0.0004223856667522341,1,0
NODE,0,6,1e-07,314,0.00010929825657512993,1,0
NODE,0,7,1e-05,68,0.006883705500513315,1,0
NODE,0,7,1e-06,128,0.000857821898534894,1,0
NODE,0,7,1e-07,380,0.00021221415954641998,1,0
NODE,0,8,1e-05,80,0.007122821174561977,1,0
NODE,0,8,1e-06,140,0.0013237209059298038,1,0
NODE,0,8,1e-07,428,0.00035709358053281903,1,0
NODE,1,1,1e-05,44,0.0006734621128998697,1,0
NODE,1,1,1e-06,92,0.00013820356980431825,1,0
NODE,1,1,1e-07,230,2.4502878659404814e-05,1,0
NODE,1,2,1e-05,50,0.001241625752300024,1,0
NODE,1,2,1e-06,104,0.0001228756591444835,1,0
NODE,1,2,1e-07,272,2.983925696753431e-05,1,0
NODE,1,3,1e-05,68,0.002341218525543809,1,0
NODE,1,3,1e-06,104,0.00017393137386534363,1,0
NODE,1,3,1e-07,284,4.9749858590075746e-05,1,0
NODE,1,4,1e-05,74,0.0009277882054448128,1,0
NODE,1,4,1e-06,122,0.0005318949115462601,1,0
NODE,1,4,1e-07,296,9.680324728833511e-05,1,0
NODE,1,5,1e-05,56,0.0013518182095140219,1,0
NODE,1,5,1e-06,110,0.0002782370720524341,1,0
NODE,1,5,1e-07,326,0.0001173712735180743,1,0
NODE,1,6,1e-05,68,0.005013321992009878,1,0
NODE,1,6,1e-06,140,0.001443393062800169,1,0
NODE,1,6,1e-07,374,0.0004466912359930575,1,0
NODE,1,7,1e-05,74,0.043372850865125656,0,0
NODE,1,7,1e-06,146,0.006643675267696381,1,0
NODE,1,7,1e-07,524,0.0016918334877118468,1,0
NODE,1,8,1e-05,86,0.33452072739601135,0,0
NODE,1,8,1e-06,170,0.04458487778902054,0,0
NODE,1,8,1e-07,542,0.009555218741297722,1,0
NODE,2,1,1e-05,50,0.0005576088442467153,1,0
NODE,2,1,1e-06,86,0.00011703363270498812,1,0
NODE,2,1,1e-07,260,2.221059548901394e-05,1,0
NODE,2,2,1e-05,56,0.0010615292703732848,1,0
NODE,2,2,1e-06,110,0.00010077228216687217,1,0
NODE,2,2,1e-07,260,4.223436553729698e-05,1,0
NODE,2,3,1e-05,50,0.0012043840251863003,1,0
NODE,2,3,1e-06,116,0.0002588089555501938,1,0
NODE,2,3,1e-07,284,3.360243863426149e-05,1,0
NODE,2,4,1e-05,62,0.0008090933552011847,1,0
NODE,2,4,1e-06,134,0.00021545201889239252,1,0
NODE,2,4,1e-07,338,7.03074038028717e-05,1,0
NODE,2,5,1e-05,68,0.0031089321710169315,1,0
NODE,2,5,1e-06,134,0.0008482327684760094,1,0
NODE,2,5,1e-07,374,0.00021565976203419268,1,0
NODE,2,6,1e-05,86,0.00928944069892168,1,0
NODE,2,6,1e-06,140,0.0034179093781858683,1,0
NODE,2,6,1e-07,422,0.0006880097207613289,1,0
NODE,2,7,1e-05,92,0.06491170078516006,0,0
NODE,2,7,1e-06,158,0.018359309062361717,0,0
NODE,2,7,1e-07,464,0.0058628860861063,1,0
NODE,2,8,1e-05,86,0.046890269964933395,0,0
NODE,2,8,1e-06,146,0.011598837561905384,0,0
NODE,2,8,1e-07,482,0.0035297225695103407,1,0
NODE,3,1,1e-05,56,0.0007501096115447581,1,0
NODE,3,1,1e-06,110,0.00010852875129785389,1,0
NODE,3,1,1e-07,242,2.631778988870792e-05,1,0
NODE,3,2,1e-05,50,0.0005888229934498668,1,0
NODE,3,2,1e-06,92,0.00019559881184250116,1,0
NODE,3,2,1e-07,290,2.4177797968150117e-05,1,0
NODE,3,3,1e-05,56,0.000999737298116088,1,0
NODE,3,3,1e-06,116,0.0001572462497279048,1,0
NODE,3,3,1e-07,320,3.2028623536461964e-05,1,0
NODE,3,4,1e-05,62,0.0018084250623360276,1,0
NODE,3,4,1e-06,140,0.00024839965044520795,1,0
NODE,3,4,1e-07,350,4.947387787979096e-05,1,0
NODE,3,5,1e-05,62,0.0022154380567371845,1,0
NODE,3,5,1e-06,128,0.0004352180694695562,1,0
NODE,3,5,1e-07,392,7.410411490127444e-05,1,0
NODE,3,6,1e-05,74,0.005423078779131174,1,0
NODE,3,6,1e-06,146,0.0007137429201975465,1,0
NODE,3,6,1e-07,428,0.00013119795767124742,1,0
NODE,3,7,1e-05,74,0.0035759659949690104,1,0
NODE,3,7,1e-06,164,0.0010470410343259573,1,0
NODE,3,7,1e-07,476,0.00022045316291041672,1,0
NODE,3,8,1e-05,86,0.009201165288686752,1,0
NODE,3,8,1e-06,170,0.0018916708650067449,1,0
NODE,3,8,1e-07,530,0.0009032555390149355,1,0
NODE,4,1,1e-05,50,0.0004571120080072433,1,0
NODE,4,1,1e-06,92,0.00015328235167544335,1,0
NODE,4,1,1e-07,236,2.376314478169661e-05,1,0
NODE,4,2,1e-05,50,0.0006223175441846251,1,0
NODE,4,2,1e-06,92,0.0001257500407518819,1,0
NODE,4,2,1e-07,236,2.978602788061835e-05,1,0
NODE,4,3,1e-05,44,0.0011675521964207292,1,0
NODE,4,3,1e-06,110,0.00018846752936951816,1,0
NODE,4,3,1e-07,242,6.291602039709687e-05,1,0
NODE,4,4,1e-05,56,0.0014637158019468188,1,0
NODE,4,4,1e-06,98,0.0007337809074670076,1,0
NODE,4,4,1e-07,296,7.26919315638952e-05,1,0
NODE,4,5,1e-05,56,0.0033419642131775618,1,0
NODE,4,5,1e-06,116,0.000657533120829612,1,0
NODE,4,5,1e-07,278,0.00018278250354342163,1,0
NODE,4,6,1e-05,56,0.008198133669793606,1,0
NODE,4,6,1e-06,104,0.0009215413010679185,1,0
NODE,4,6,1e-07,302,0.00019825012714136392,1,0
NODE,4,7,1e-05,56,0.013213702477514744,0,0
NODE,4,7,1e-06,110,0.003392130136489868,1,0
NODE,4,7,1e-07,308,0.0005395556217990816,1,0
NODE,4,8,1e-05,68,0.016837717965245247,0,0
NODE,4,8,1e-06,128,0.006066994275897741,1,0
NODE,4,8,1e-07,386,0.0006263168761506677,1,0
ANODE-p5,0,1,1e-05,38,0.0006600236520171165,1,0
ANODE-p5,0,1,1e-06,62,0.00016013091953936964,1,0
ANODE-p5,0,1,1e-07,140,3.378308247192763e-05,1,0
ANODE-p5,0,2,1e-05,38,0.0026133337523788214,1,0
ANODE-p5,0,2,1e-06,68,0.00036411764449439943,1,0
ANODE-p5,0,2,1e-07,170,5.746120950789191e-05,1,0
ANODE-p5,0,3,1e-05,38,0.0013311479706317186,1,0
ANODE-p5,0,3,1e-06,74,0.0003498233272694051,1,0
ANODE-p5,0,3,1e-07,188,5.394038817030378e-05,1,0
ANODE-p5,0,4,1e-05,44,0.0014818547060713172,1,0
ANODE-p5,0,4,1e-06,74,0.00035249171196483076,1,0
ANODE-p5,0,4,1e-07,200,5.7628083595773205e-05,1,0
ANODE-p5,0,5,1e-05,44,0.001969029428437352,1,0
ANODE-p5,0,5,1e-06,80,0.00040226042619906366,1,0
ANODE-p5,0,5,1e-07,206,7.022839417913929e-05,1,0
ANODE-p5,0,6,1e-05,44,0.0017901378450915217,1,0
ANODE-p5,0,6,1e-06,86,0.00045000779209658504,1,0
ANODE-p5,0,6,1e-07,206,7.575481868116185e-05,1,0
ANODE-p5,0,7,1e-05,44,0.0020927242003381252,1,0
ANODE-p5,0,7,1e-06,86,0.00047894081217236817,1,0
ANODE-p5,0,7,1e-07,242,6.559999019373208e-05,1,0
ANODE-p5,0,8,1e-05,50,0.0024620438925921917,1,0
ANODE-p5,0,8,1e-06,86,0.0005186351481825113,1,0
ANODE-p5,0,8,1e-07,206,8.903884736355394e-05,1,0
ANODE-p5,1,1,1e-05,38,0.0010621306719258428,1,0
ANODE-p5,1,1,1e-06,62,0.0001946042903000489,1,0
ANODE-p5,1,1,1e-07,152,4.347259164205752e-05,1,0
ANODE-p5,1,2,1e-05,38,0.0012171973939985037,1,0
ANODE-p5,1,2,1e-06,68,0.0003069138911087066,1,0
ANODE-p5,1,2,1e-07,170,4.732977322419174e-05,1,0
ANODE-p5,1,3,1e-05,44,0.001728901988826692,1,0
ANODE-p5,1,3,1e-06,80,0.00037082319613546133,1,0
ANODE-p5,1,3,1e-07,188,6.265738920774311e-05,1,0
ANODE-p5,1,4,1e-05,44,0.0017576264217495918,1,0
ANODE-p5,1,4,1e-06,86,0.0004274345119483769,1,0
ANODE-p5,1,4,1e-07,194,6.817463145125657e-05,1,0
ANODE-p5,1,5,1e-05,44,0.0017494210042059422,1,0
ANODE-p5,1,5,1e-06,86,0.00045013384078629315,1,0
ANODE-p5,1,5,1e-07,200,6.861488509457558e-05,1,0
ANODE-p5,1,6,1e-05,56,0.0019409414380788803,1,0
ANODE-p5,1,6,1e-06,92,0.0003710430464707315,1,0
ANODE-p5,1,6,1e-07,218,6.953077536309138e-05,1,0
ANODE-p5,1,7,1e-05,56,0.0018742469837889075,1,0
ANODE-p5,1,7,1e-06,98,0.0004384871572256088,1,0
ANODE-p5,1,7,1e-07,218,7.436129089910537e-05,1,0
ANODE-p5,1,8,1e-05,50,0.002257872372865677,1,0
ANODE-p5,1,8,1e-06,98,0.00043214208562858403,1,0
ANODE-p5,1,8,1e-07,218,6.92336616339162e-05,1,0
ANODE-p5,2,1,1e-05,38,0.0015244694659486413,1,0
ANODE-p5,2,1,1e-06,68,0.00036957766860723495,1,0
ANODE-p5,2,1,1e-07,146,5.022313052904792e-05,1,0
ANODE-p5,2,2,1e-05,44,0.0022744284942746162,1,0
ANODE-p5,2,2,1e-06,68,0.0004455329617485404,1,0
ANODE-p5,2,2,1e-07,158,7.778858707752079e-05,1,0
ANODE-p5,2,3,1e-05,44,0.0018325683195143938,1,0
ANODE-p5,2,3,1e-06,80,0.0004000317130703479,1,0
ANODE-p5,2,3,1e-07,176,7.003443170106038e-05,1,0
ANODE-p5,2,4,1e-05,44,0.0012771711917594075,1,0
ANODE-p5,2,4,1e-06,80,0.00040373936644755304,1,0
ANODE-p5,2,4,1e-07,200,8.109872578643262e-05,1,0
ANODE-p5,2,5,1e-05,44,0.00201269518584013,1,0
ANODE-p5,2,5,1e-06,86,0.0004938841448165476,1,0
ANODE-p5,2,5,1e-07,218,7.452103454852477e-05,1,0
ANODE-p5,2,6,1e-05,50,0.0019755284301936626,1,0
ANODE-p5,2,6,1e-06,92,0.0004897288745269179,1,0
ANODE-p5,2,6,1e-07,212,0.00012682954547926784,1,0
ANODE-p5,2,7,1e-05,50,0.004165558610111475,1,0
ANODE-p5,2,7,1e-06,92,0.0006505462806671858,1,0
ANODE-p5,2,7,1e-07,236,0.00012250678264535964,1,0
ANODE-p5,2,8,1e-05,50,0.0027152718976140022,1,0
ANODE-p5,2,8,1e-06,98,0.001814638846553862,1,0
ANODE-p5,2,8,1e-07,236,0.00018365013238508254,1,0
ANODE-p5,3,1,1e-05,38,0.0008840523660182953,1,0
ANODE-p5,3,1,1e-06,56,0.00023432682792190462,1,0
ANODE-p5,3,1,1e-07,134,3.6520588764688e-05,1,0
ANODE-p5,3,2,1e-05,56,0.0029181605204939842,1,0
ANODE-p5,3,2,1e-06,104,0.0005394250620156527,1,0
ANODE-p5,3,2,1e-07,200,0.00010224766447208822,1,0
ANODE-p5,3,3,1e-05,44,0.003255115356296301,1,0
ANODE-p5,3,3,1e-06,86,0.000632778275758028,1,0
ANODE-p5,3,3,1e-07,194,9.607415267964825e-05,1,0
ANODE-p5,3,4,1e-05,44,0.0037497549783438444,1,0
ANODE-p5,3,4,1e-06,92,0.0006322002154774964,1,0
ANODE-p5,3,4,1e-07,218,8.889546734280884e-05,1,0
ANODE-p5,3,5,1e-05,44,0.0037907178048044443,1,0
ANODE-p5,3,5,1e-06,92,0.0005684380885213614,1,0
ANODE-p5,3,5,1e-07,230,8.815316687105224e-05,1,0
ANODE-p5,3,6,1e-05,50,0.0036170880775898695,1,0
ANODE-p5,3,6,1e-06,92,0.0006225660326890647,1,0
ANODE-p5,3,6,1e-07,224,9.475184924667701e-05,1,0
ANODE-p5,3,7,1e-05,50,0.0033394780475646257,1,0
ANODE-p5,3,7,1e-06,98,0.0006895763799548149,1,0
ANODE-p5,3,7,1e-07,212,9.814180521061644e-05,1,0
ANODE-p5,3,8,1e-05,50,0.002341559622436762,1,0
ANODE-p5,3,8,1e-06,92,0.0007833738927729428,1,0
ANODE-p5,3,8,1e-07,242,9.442746522836387e-05,1,0
ANODE-p5,4,1,1e-05,38,0.0013200048124417663,1,0
ANODE-p5,4,1,1e-06,62,0.0003979168541263789,1,0
ANODE-p5,4,1,1e-07,152,5.73740981053561e-05,1,0
ANODE-p5,4,2,1e-05,44,0.002197415102273226,1,0
ANODE-p5,4,2,1e-06,68,0.0005360087379813194,1,0
ANODE-p5,4,2,1e-07,164,8.78553546499461e-05,1,0
ANODE-p5,4,3,1e-05,44,0.003379672998562455,1,0
ANODE-p5,4,3,1e-06,80,0.0004513754684012383,1,0
ANODE-p5,4,3,1e-07,188,0.0001016084715956822,1,0
ANODE-p5,4,4,1e-05,50,0.0021614120341837406,1,0
ANODE-p5,4,4,1e-06,86,0.000668918015435338,1,0
ANODE-p5,4,4,1e-07,194,0.000124346450320445,1,0
ANODE-p5,4,5,1e-05,50,0.002845676615834236,1,0
ANODE-p5,4,5,1e-06,86,0.0006375886732712388,1,0
ANODE-p5,4,5,1e-07,200,0.00011745664232876152,1,0
ANODE-p5,4,6,1e-05,50,0.0038518619257956743,1,0
ANODE-p5,4,6,1e-06,86,0.0009563136263750494,1,0
ANODE-p5,4,6,1e-07,200,0.00012287810386624187,1,0
ANODE-p5,4,7,1e-05,50,0.0033989674411714077,1,0
ANODE-p5,4,7,1e-06,92,0.0009282329701818526,1,0
ANODE-p5,4,7,1e-07,230,0.00012283853720873594,1,0
ANODE-p5,4,8,1e-05,50,0.004774771630764008,1,0
ANODE-p5,4,8,1e-06,92,0.000559666776098311,1,0
ANODE-p5,4,8,1e-07,230,0.00011917456868104637,1,0
