model,augment_dim,seed,budget,train_tol,eval_tol,val_acc,val_loss,dense_acc,fwd_nfe_median,fwd_nfe_q1,fwd_nfe_q3,fwd_nfe_max,recon_max,recon_mean,recon_ok,elapsed_s
NODE,0,0,25,1e-06,1e-06,1.0,0.004275222107147177,0.9961666464805603,218.0,164.0,230.0,236.0,0.0009767032461240888,0.00012337775842752308,1,45.8
NODE,0,0,50,1e-06,1e-06,1.0,0.0020490314772663018,0.9955833554267883,218.0,182.0,230.0,266.0,0.001113679725676775,0.0001248390763066709,1,87.0
NODE,0,0,100,1e-06,1e-06,1.0,0.0024674610234797,0.9992499947547913,206.0,146.0,230.0,284.0,0.000876892008818686,0.00010156938515137881,1,176.3
NODE,0,0,200,1e-06,1e-06,0.9958333333333333,0.005706371245711731,0.9994166493415833,230.0,182.0,242.0,260.0,0.0012812827480956912,0.00011558113328646868,1,335.5
NODE,0,0,500,1e-06,1e-06,0.9583333333333334,0.1521176964044571,0.965666651725769,266.0,212.0,278.0,296.0,0.004233185667544603,0.0006055886042304337,1,867.4
NODE,0,0,1000,1e-06,1e-06,0.975,0.23649763564268747,0.9941666722297668,500.0,320.0,527.0,608.0,0.004047714173793793,0.0006011118530295789,1,2544.2
NODE,0,1,25,1e-06,1e-06,0.9958333333333333,0.04002113342285156,0.98458331823349,158.0,128.0,170.0,188.0,0.000995173933915794,0.00014479504898190498,1,61.5
NODE,0,1,50,1e-06,1e-06,1.0,0.0016897657498096427,0.9980833530426025,164.0,152.0,176.0,194.0,0.000925883068703115,0.00013588220463134348,1,114.2
NODE,0,1,100,1e-06,1e-06,1.0,0.00015934132291780165,0.9978333115577698,170.0,164.0,176.0,200.0,0.0008340542553924024,0.00015816092491149902,1,186.5
NODE,0,1,200,1e-06,1e-06,1.0,1.4373742790970331e-05,0.9984166622161865,182.0,176.0,188.0,212.0,0.0005309369880706072,0.00012417863763403147,1,317.0
NODE,0,1,500,1e-06,1e-06,1.0,3.27326739579803e-07,0.996999979019165,188.0,176.0,203.0,230.0,0.0009328728774562478,0.00015871664800215513,1,709.5
NODE,0,1,1000,1e-06,1e-06,1.0,1.9868213444832843e-09,0.9965833425521851,200.0,194.0,212.0,224.0,0.0011572135845199227,0.00015812688798177987,1,1406.2
NODE,0,2,25,1e-06,1e-06,0.9875,0.04305536299943924,0.9902499914169312,260.0,176.0,272.0,290.0,0.001838488387875259,0.0002162892633350566,1,51.5
NODE,0,2,50,1e-06,1e-06,0.9875,0.022936022204036514,0.9962499737739563,332.0,206.0,344.0,380.0,0.0016769454814493656,0.0002151304215658456,1,113.8
NODE,0,2,100,1e-06,1e-06,0.9958333333333333,0.016351250000298023,0.9902499914169312,350.0,236.0,368.0,446.0,0.0016168749425560236,0.00027857584063895047,1,264.6
NODE,0,2,200,1e-06,1e-06,1.0,0.02287012239297231,0.9919166564941406,374.0,236.0,389.0,470.0,0.01428292877972126,0.0013552348827943206,0,604.2
NODE,0,2,500,1e-06,1e-06,1.0,0.0005096627709766228,0.9961666464805603,398.0,254.0,434.0,470.0,0.007708958815783262,0.0004055361496284604,1,1512.2
NODE,0,2,1000,1e-06,1e-06,1.0,2.2050755433156155e-05,0.9954166412353516,398.0,245.0,413.0,458.0,0.005828519351780415,0.0008633938850834966,1,2838.7
NODE,0,3,25,1e-06,1e-06,1.0,0.029374617462356884,0.9896666407585144,254.0,182.0,272.0,302.0,0.0010950547875836492,0.00017707885126583278,1,61.3
NODE,0,3,50,1e-06,1e-06,0.9833333333333333,0.06465897125502428,0.9848333597183228,272.0,170.0,284.0,320.0,0.005027240142226219,0.0005333689623512328,1,139.9
NODE,0,3,100,1e-06,1e-06,0.9916666666666667,0.03602931648492813,0.9911666512489319,344.0,179.0,380.0,470.0,0.002331930212676525,0.00020358061010483652,1,346.0
NODE,0,3,200,1e-06,1e-06,0.9916666666666667,0.05146212684533869,0.996749997138977,386.0,188.0,416.0,452.0,0.0013671842170879245,0.0001985892013181001,1,614.8
NODE,0,3,500,1e-06,1e-06,0.9958333333333333,0.15925415390775016,0.997083306312561,380.0,206.0,407.0,428.0,0.0011957439128309488,0.00023438477364834398,1,1353.2
NODE,0,3,1000,1e-06,1e-06,0.9958333333333333,0.479871918757433,0.9957500100135803,416.0,263.0,434.0,470.0,0.0009657592745497823,0.00019988430722150952,1,2644.7
NODE,0,4,25,1e-06,1e-06,0.9875,0.040980946645140647,0.9888333082199097,206.0,134.0,212.0,248.0,0.0008856875938363373,0.00016548992425668985,1,48.3
NODE,0,4,50,1e-06,1e-06,1.0,0.006059021595865488,0.9990000128746033,218.0,170.0,230.0,242.0,0.0027390955947339535,0.0002571589720901102,1,109.9
NODE,0,4,100,1e-06,1e-06,0.9875,0.05098188569148381,0.9909166693687439,320.0,224.0,329.0,350.0,0.005550328642129898,0.0007858359022065997,1,415.3
NODE,0,4,200,1e-06,1e-06,0.9791666666666666,0.14699085156122843,0.9710833430290222,470.0,440.0,485.0,542.0,0.0012118489248678088,0.00029884325340390205,1,1676.7
NODE,0,4,500,1e-06,1e-06,0.925,0.2123422960440318,0.9245833158493042,572.0,512.0,602.0,638.0,0.12124881148338318,0.0017916157376021147,0,6495.6
NODE,0,4,1000,1e-06,1e-06,0.9625,0.12138679002722104,0.9786666631698608,812.0,623.0,824.0,860.0,0.3758701980113983,0.020383736118674278,0,20905.8
ANODE-p1,1,0,25,1e-06,1e-06,1.0,0.0014899328428631027,0.9991666674613953,194.0,101.0,206.0,224.0,0.0004747994535136968,9.587025851942599e-05,1,42.5
ANODE-p1,1,0,50,1e-06,1e-06,1.0,6.38232488806049e-05,0.9990833401679993,200.0,119.0,206.0,230.0,0.0006212016451172531,0.00012209877604618669,1,79.3
ANODE-p1,1,0,100,1e-06,1e-06,1.0,4.128013218481404e-06,0.9988333582878113,200.0,122.0,206.0,218.0,0.0007404246716760099,0.00015373289352282882,1,150.5
ANODE-p1,1,0,200,1e-06,1e-06,1.0,4.991864519373242e-07,0.9987499713897705,200.0,128.0,206.0,242.0,0.0006817126413807273,0.00013467296957969666,1,289.7
ANODE-p1,1,0,500,1e-06,1e-06,1.0,2.2848437926844174e-08,0.9989166855812073,206.0,134.0,212.0,224.0,0.0005444297567009926,0.00014116850798018277,1,697.4
ANODE-p1,1,0,1000,1e-06,1e-06,1.0,4.967053435223079e-10,0.9993333220481873,206.0,137.0,218.0,236.0,0.0005733915022574365,0.00012984596833121032,1,1385.8
ANODE-p1,1,1,25,1e-06,1e-06,1.0,0.0008269751056407888,0.999916672706604,152.0,92.0,158.0,158.0,0.00047848111717030406,9.843800216913223e-05,1,31.7
ANODE-p1,1,1,50,1e-06,1e-06,1.0,0.00011763277725549415,0.999833345413208,152.0,92.0,158.0,164.0,0.0004676448297686875,9.111369581660256e-05,1,60.8
ANODE-p1,1,1,100,1e-06,1e-06,1.0,1.9657400298456195e-05,0.999833345413208,158.0,92.0,158.0,170.0,0.0005334345041774213,0.00011989869381068274,1,117.1
ANODE-p1,1,1,200,1e-06,1e-06,1.0,2.9767385134012633e-06,0.999666690826416,158.0,92.0,164.0,176.0,0.00035289282095618546,0.00010068187111755833,1,228.1
ANODE-p1,1,1,500,1e-06,1e-06,1.0,9.884435385743018e-08,0.9995833039283752,164.0,98.0,170.0,188.0,0.0004627919988706708,0.00011000949598383158,1,571.7
ANODE-p1,1,1,1000,1e-06,1e-06,1.0,0.0,0.9995833039283752,164.0,98.0,170.0,182.0,0.0005706304218620062,0.00012465853069443256,1,1160.1
ANODE-p1,1,2,25,1e-06,1e-06,1.0,0.00026083545041425776,0.999916672706604,164.0,98.0,170.0,176.0,0.000627923000138253,0.00011277797602815554,1,35.9
ANODE-p1,1,2,50,1e-06,1e-06,1.0,9.448512126416138e-06,0.999833345413208,170.0,128.0,176.0,188.0,0.0004239128320477903,0.00010782048775581643,1,67.0
ANODE-p1,1,2,100,1e-06,1e-06,1.0,3.1708060073280348e-06,0.999833345413208,170.0,140.0,176.0,188.0,0.0005654423730447888,0.00010719094279920682,1,127.9
ANODE-p1,1,2,200,1e-06,1e-06,1.0,1.1556770885749282e-06,0.999833345413208,170.0,143.0,176.0,194.0,0.00044471753062680364,0.00010535240289755166,1,249.4
ANODE-p1,1,2,500,1e-06,1e-06,1.0,1.8427366130779887e-07,0.999916672706604,170.0,146.0,176.0,182.0,0.000411811750382185,0.00011970545165240765,1,617.8
ANODE-p1,1,2,1000,1e-06,1e-06,1.0,4.072963974977029e-08,1.0,176.0,158.0,182.0,194.0,0.00047781402827240527,0.00010648345778463408,1,1248.3
ANODE-p1,1,3,25,1e-06,1e-06,1.0,0.00045258948036159077,0.999750018119812,158.0,92.0,164.0,170.0,0.0004888061666861176,8.648166840430349e-05,1,34.5
ANODE-p1,1,3,50,1e-06,1e-06,1.0,5.503509407086919e-05,0.9987499713897705,164.0,92.0,170.0,176.0,0.0004707560583483428,8.013405749807134e-05,1,65.8
ANODE-p1,1,3,100,1e-06,1e-06,1.0,9.789327668840997e-06,0.9986666440963745,164.0,98.0,170.0,182.0,0.0003845208848360926,8.429252920905128e-05,1,126.1
ANODE-p1,1,3,200,1e-06,1e-06,1.0,1.6490543051380276e-06,0.9986666440963745,170.0,98.0,170.0,176.0,0.00040944275679066777,7.402000483125448e-05,1,244.2
ANODE-p1,1,3,500,1e-06,1e-06,1.0,6.308156912382401e-08,0.9985833168029785,170.0,98.0,176.0,188.0,0.00033281021751463413,6.714754999848083e-05,1,599.1
ANODE-p1,1,3,1000,1e-06,1e-06,1.0,7.450573965191628e-09,0.9984999895095825,170.0,98.0,176.0,188.0,0.00032063276739791036,7.608914893353358e-05,1,1198.4
ANODE-p1,1,4,25,1e-06,1e-06,1.0,0.0002567137940786779,1.0,200.0,92.0,200.0,212.0,0.00030031512142159045,7.188093877630308e-05,1,40.4
ANODE-p1,1,4,50,1e-06,1e-06,1.0,2.9320072159559155e-05,0.9995833039283752,200.0,98.0,206.0,212.0,0.0003480171144474298,8.164565952029079e-05,1,77.4
ANODE-p1,1,4,100,1e-06,1e-06,1.0,4.624150309003501e-06,0.9994999766349792,200.0,98.0,206.0,212.0,0.0006220689974725246,9.426239557797089e-05,1,148.7
ANODE-p1,1,4,200,1e-06,1e-06,1.0,6.462093286548527e-07,0.9994999766349792,200.0,104.0,206.0,212.0,0.00037481641629710793,8.500976400682703e-05,1,287.5
ANODE-p1,1,4,500,1e-06,1e-06,1.0,1.5894567736059646e-08,0.9994166493415833,206.0,104.0,206.0,218.0,0.0003072694526053965,7.361885946011171e-05,1,701.1
ANODE-p1,1,4,1000,1e-06,1e-06,1.0,0.0,0.9995833039283752,206.0,110.0,209.0,218.0,0.0004654338990803808,9.286796557717025e-05,1,1394.2
