model,augment_dim,seed,geometry,budget,epochs_done,status,train_tol,eval_tol,val_acc,val_loss,dense_acc,fwd_nfe_median,fwd_nfe_q1,fwd_nfe_q3,fwd_nfe_max,recon_max,recon_mean,recon_ok,elapsed_s
NODE,0,0,circles,25,25,ok,1e-06,1e-06,0.995,0.0428089439123869,0.9894166588783264,146.0,116.0,152.0,164.0,0.0006739561213180423,0.00013027247041463852,1,52.8
NODE,0,0,circles,50,50,ok,1e-06,1e-06,1.0,0.0033139158273115753,0.9987499713897705,170.0,146.0,182.0,206.0,0.0009466524352319539,0.0001502219238318503,1,92.0
NODE,0,0,circles,100,100,ok,1e-06,1e-06,1.0,0.0007858353573828936,0.999750018119812,158.0,152.0,170.0,188.0,0.0005790086579509079,0.00012591762060765177,1,156.6
NODE,0,0,circles,200,200,ok,1e-06,1e-06,1.0,0.0001220921875210479,0.9994166493415833,182.0,176.0,188.0,206.0,0.0009746595751494169,0.0001598781964275986,1,266.6
NODE,0,0,circles,500,500,ok,1e-06,1e-06,1.0,2.622603911817123e-08,0.9985833168029785,242.0,188.0,260.0,284.0,0.0015736708883196115,0.00021842608111910522,1,682.8
NODE,0,1,circles,25,25,ok,1e-06,1e-06,0.975,0.10541871771216392,0.9866666793823242,158.0,158.0,164.0,176.0,0.0007278475095517933,0.0001684236922301352,1,70.6
NODE,0,1,circles,50,50,ok,1e-06,1e-06,0.995,0.017690657619386912,0.9964166879653931,164.0,158.0,170.0,182.0,0.0006715665222145617,0.00013871183909941465,1,136.3
NODE,0,1,circles,100,100,ok,1e-06,1e-06,0.99,0.05344023493933491,0.9961666464805603,182.0,176.0,188.0,212.0,0.0007681706338189542,0.000142898628837429,1,197.4
NODE,0,1,circles,200,200,ok,1e-06,1e-06,1.0,0.001332553350366652,0.9984166622161865,182.0,158.0,194.0,218.0,0.0010659515392035246,0.0001417708263034001,1,340.8
NODE,0,1,circles,500,500,ok,1e-06,1e-06,1.0,1.0598503140499815e-05,0.9971666932106018,206.0,194.0,215.0,236.0,0.0008039806270971894,0.00014155836834106594,1,766.2
NODE,0,2,circles,25,25,ok,1e-06,1e-06,0.96,0.1271973468363285,0.9747499823570251,170.0,164.0,188.0,212.0,0.0017644412582740188,0.00018929543148260564,1,57.9
NODE,0,2,circles,50,50,ok,1e-06,1e-06,1.0,0.006058562397956848,0.9983333349227905,170.0,158.0,188.0,212.0,0.0012355908984318376,0.00014473320334218442,1,127.4
NODE,0,2,circles,100,100,ok,1e-06,1e-06,1.0,0.0012879576766863464,0.9984166622161865,164.0,158.0,176.0,188.0,0.0006326729780994356,0.00013600673992186785,1,209.7
NODE,0,2,circles,200,200,ok,1e-06,1e-06,0.975,0.0851755341887474,0.965416669845581,266.0,254.0,272.0,290.0,0.0029109555762261152,0.00033567295758984983,1,593.4
NODE,0,2,circles,500,271,time_capped,1e-06,1e-06,0.975,0.15788520410656928,0.9652500152587891,344.0,338.0,350.0,368.0,0.0038029386196285486,0.00041870507993735373,1,1212.2
NODE,0,3,circles,25,25,ok,1e-06,1e-06,1.0,0.0038652298599481582,0.9973333477973938,212.0,179.0,242.0,254.0,0.0005881210672669113,0.00010418261081213132,1,48.2
NODE,0,3,circles,50,50,ok,1e-06,1e-06,1.0,0.003949147247476503,0.9989166855812073,176.0,152.0,194.0,224.0,0.0004338894214015454,0.00010804861813085154,1,109.9
NODE,0,3,circles,100,100,ok,1e-06,1e-06,1.0,0.000661503009905573,0.9984999895095825,182.0,164.0,200.0,230.0,0.0004532350576482713,0.00010287538316333666,1,179.1
NODE,0,3,circles,200,200,ok,1e-06,1e-06,1.0,0.00011379611929442035,0.9984999895095825,182.0,176.0,206.0,242.0,0.00038650797796435654,8.770001295488328e-05,1,309.9
NODE,0,3,circles,500,500,ok,1e-06,1e-06,1.0,6.407884864643165e-06,0.9984999895095825,200.0,185.0,224.0,266.0,0.0006502731703221798,0.00013693088840227574,1,687.8
NODE,0,4,circles,25,25,ok,1e-06,1e-06,0.995,0.27398172587156294,0.9825000166893005,164.0,152.0,173.0,188.0,0.0006361185223795474,0.00010742484300862998,1,55.2
NODE,0,4,circles,50,50,ok,1e-06,1e-06,0.99,0.05892239362001419,0.981416642665863,212.0,188.0,224.0,248.0,0.001144237001426518,0.00021434889640659094,1,155.7
NODE,0,4,circles,100,100,ok,1e-06,1e-06,0.995,0.017234867522493005,0.9983333349227905,236.0,221.0,242.0,284.0,0.0019760995637625456,0.0002439742675051093,1,312.9
NODE,0,4,circles,200,200,ok,1e-06,1e-06,0.99,0.021939059551805258,0.9850000143051147,188.0,176.0,218.0,236.0,0.001170108444057405,0.00014125215238891542,1,495.3
NODE,0,4,circles,500,500,ok,1e-06,1e-06,1.0,0.00023351075884420425,0.9982500076293945,224.0,218.0,236.0,266.0,0.00273423851467669,0.00024796053185127676,1,958.8
ANODE-p1,1,0,circles,25,25,ok,1e-06,1e-06,1.0,1.8906201466961647e-06,0.999833345413208,128.0,122.0,134.0,146.0,0.0003838645643554628,6.897854473209009e-05,1,26.5
ANODE-p1,1,0,circles,50,50,ok,1e-06,1e-06,1.0,3.904092534412484e-07,0.999916672706604,128.0,119.0,134.0,140.0,0.0003540270554367453,6.733406917192042e-05,1,51.4
ANODE-p1,1,0,circles,100,100,ok,1e-06,1e-06,1.0,9.059900889951678e-08,0.999916672706604,134.0,119.0,140.0,140.0,0.0003623998782131821,6.669529102509841e-05,1,99.6
ANODE-p1,1,0,circles,200,200,ok,1e-06,1e-06,1.0,1.4305113147372595e-08,0.999833345413208,134.0,116.0,140.0,146.0,0.0003075252170674503,7.103606913005933e-05,1,193.4
ANODE-p1,1,0,circles,500,500,ok,1e-06,1e-06,1.0,0.0,0.9995833039283752,134.0,122.0,146.0,152.0,0.000292660144623369,7.868105603847653e-05,1,483.8
ANODE-p1,1,1,circles,25,25,ok,1e-06,1e-06,1.0,2.8264143111300654e-06,0.999666690826416,146.0,92.0,164.0,176.0,0.00019624840933829546,5.360951035981998e-05,1,27.4
ANODE-p1,1,1,circles,50,50,ok,1e-06,1e-06,1.0,1.4847403554085758e-06,0.9995833039283752,146.0,92.0,170.0,182.0,0.0002627881185617298,5.657217843690887e-05,1,58.8
ANODE-p1,1,1,circles,100,100,ok,1e-06,1e-06,1.0,4.947173397340521e-07,0.9995833039283752,146.0,98.0,170.0,188.0,0.00020719201711472124,5.261929254629649e-05,1,117.8
ANODE-p1,1,1,circles,200,200,ok,1e-06,1e-06,1.0,9.357923715924699e-08,0.9995833039283752,152.0,98.0,170.0,182.0,0.00021489437494892627,6.207227852428332e-05,1,230.5
ANODE-p1,1,1,circles,500,500,ok,1e-06,1e-06,1.0,2.9802320611338473e-09,0.9995833039283752,152.0,104.0,173.0,182.0,0.0003232469316571951,6.291791214607656e-05,1,580.0
ANODE-p1,1,2,circles,25,25,ok,1e-06,1e-06,1.0,7.896387280197813e-05,0.9994999766349792,122.0,104.0,128.0,140.0,0.00025613466277718544,6.178523472044617e-05,1,33.2
ANODE-p1,1,2,circles,50,50,ok,1e-06,1e-06,1.0,2.0479185768635943e-05,0.9995833039283752,128.0,104.0,137.0,146.0,0.00041259167483076453,7.447539974236861e-05,1,62.5
ANODE-p1,1,2,circles,100,100,ok,1e-06,1e-06,1.0,5.336030735634267e-06,0.9995833039283752,128.0,104.0,140.0,158.0,0.0003668332356028259,7.253677904373035e-05,1,117.8
ANODE-p1,1,2,circles,200,200,ok,1e-06,1e-06,1.0,1.1092241129517789e-06,0.9995833039283752,128.0,104.0,140.0,158.0,0.0003811412607319653,7.591005851281807e-05,1,223.0
ANODE-p1,1,2,circles,500,500,ok,1e-06,1e-06,1.0,4.887575329348692e-08,0.9994166493415833,122.0,110.0,146.0,152.0,0.0002635608543641865,6.710209709126502e-05,1,517.6
ANODE-p1,1,3,circles,25,25,ok,1e-06,1e-06,1.0,0.00043071115505881606,0.999916672706604,146.0,104.0,170.0,176.0,0.0003844443126581609,7.215618825284764e-05,1,33.2
ANODE-p1,1,3,circles,50,50,ok,1e-06,1e-06,1.0,0.00011182758811628446,0.9995833039283752,146.0,104.0,170.0,176.0,0.0002931400667876005,6.762250995961949e-05,1,61.9
ANODE-p1,1,3,circles,100,100,ok,1e-06,1e-06,1.0,3.013240420841612e-05,0.9993333220481873,152.0,104.0,170.0,182.0,0.00034433946711942554,7.217004895210266e-05,1,116.3
ANODE-p1,1,3,circles,200,200,ok,1e-06,1e-06,1.0,6.5926788556680545e-06,0.9992499947547913,146.0,104.0,170.0,182.0,0.00032796390587463975,7.859333709347993e-05,1,224.9
ANODE-p1,1,3,circles,500,500,ok,1e-06,1e-06,1.0,4.1663529657398615e-07,0.9991666674613953,152.0,104.0,176.0,182.0,0.0002544874441809952,7.941618241602555e-05,1,546.2
ANODE-p1,1,4,circles,25,25,ok,1e-06,1e-06,0.995,0.01845145737635903,0.9991666674613953,182.0,98.0,200.0,212.0,0.00019863253692165017,3.784077489399351e-05,1,30.9
ANODE-p1,1,4,circles,50,50,ok,1e-06,1e-06,0.995,0.01958854488671932,0.9985833168029785,170.0,104.0,200.0,212.0,0.00020596940885297954,5.3531908633885905e-05,1,64.2
ANODE-p1,1,4,circles,100,100,ok,1e-06,1e-06,0.995,0.021525692337695544,0.9986666440963745,176.0,104.0,200.0,218.0,0.0007476159953512251,6.435371324187145e-05,1,129.3
ANODE-p1,1,4,circles,200,200,ok,1e-06,1e-06,0.995,0.023561834096580015,0.9985833168029785,170.0,104.0,206.0,212.0,0.00015397235983982682,4.5915061491541564e-05,1,268.2
ANODE-p1,1,4,circles,500,500,ok,1e-06,1e-06,0.995,0.027254905104635727,0.9985833168029785,188.0,104.0,206.0,218.0,0.00010504339297767729,3.5303117329021916e-05,1,656.8
