tol,batch,logged_forward,backward
1e-05,0,136,42
1e-05,1,110,52
1e-05,2,124,70
1e-05,3,136,53
1e-05,4,114,54
1e-05,5,122,54
1e-05,6,118,49
1e-05,7,118,53
1e-05,8,122,50
1e-05,9,106,48
1e-05,10,112,52
1e-05,11,117,54
1e-05,12,122,54
1e-05,13,125,53
1e-05,14,119,48
1e-05,15,116,53
1e-05,16,119,46
1e-05,17,114,49
1e-05,18,109,48
1e-05,19,111,50
1e-05,20,105,40
1e-05,21,104,52
1e-05,22,110,45
1e-05,23,111,57
1e-05,24,125,48
1e-05,25,105,69
1e-05,26,141,52
1e-05,27,111,57
1e-05,28,115,49
1e-05,29,118,51
1e-05,30,115,55
1e-05,31,126,59
1e-05,32,126,50
1e-05,33,112,48
1e-05,34,111,49
1e-05,35,126,59
1e-05,36,122,49
1e-05,37,111,50
1e-05,38,119,50
1e-05,39,116,57
1e-05,40,123,54
1e-05,41,120,48
1e-05,42,111,46
1e-05,43,115,48
1e-05,44,119,54
1e-05,45,114,50
1e-05,46,108,50
1e-05,47,111,54
1e-05,48,116,46
1e-05,49,115,53
1e-05,50,114,54
1e-05,51,120,55
1e-05,52,120,54
1e-05,53,114,51
1e-05,54,119,42
1e-05,55,110,49
1e-05,56,115,41
1e-05,57,106,51
1e-05,58,113,40
1e-05,59,107,52
1e-05,60,117,74
1e-05,61,137,54
1e-05,62,115,51
1e-05,63,116,56
1e-05,64,127,52
1e-05,65,125,50
1e-05,66,119,54
1e-05,67,121,42
1e-05,68,106,50
1e-05,69,117,51
1e-05,70,112,48
1e-05,71,105,44
1e-05,72,101,44
1e-05,73,107,50
1e-05,74,120,47
1e-05,75,117,55
1e-05,76,117,49
1e-05,77,105,49
1e-05,78,119,48
1e-05,79,117,48
1e-05,80,113,50
1e-05,81,107,51
1e-05,82,116,76
1e-05,83,133,59
1e-05,84,127,55
1e-05,85,108,46
1e-05,86,117,49
1e-05,87,118,52
1e-05,88,114,46
1e-05,89,120,48
1e-05,90,117,57
1e-05,91,123,47
1e-05,92,101,40
1e-05,93,107,48
1e-05,94,117,53
1e-05,95,124,49
1e-05,96,114,48
1e-05,97,103,52
1e-05,98,116,48
1e-05,99,109,42
1e-05,100,104,48
1e-04,0,52,24
1e-04,1,58,29
1e-04,2,62,25
1e-04,3,62,25
1e-04,4,61,26
1e-04,5,60,28
1e-04,6,61,28
1e-04,7,60,24
1e-04,8,59,26
1e-04,9,56,28
1e-04,10,61,26
1e-04,11,61,29
1e-04,12,64,27
1e-04,13,60,28
1e-04,14,61,24
1e-04,15,55,27
1e-04,16,55,22
1e-04,17,58,29
1e-04,18,59,28
1e-04,19,59,26
1e-04,20,53,21
1e-04,21,53,25
1e-04,22,55,27
1e-04,23,65,28
1e-04,24,61,30
1e-04,25,60,30
1e-04,26,61,29
1e-04,27,63,23
1e-04,28,57,25
1e-04,29,54,25
1e-04,30,58,25
1e-04,31,59,24
1e-04,32,55,24
1e-04,33,53,25
1e-04,34,59,27
1e-04,35,63,30
1e-04,36,64,27
1e-04,37,56,23
1e-04,38,60,28
1e-04,39,60,28
1e-04,40,59,29
1e-04,41,60,24
1e-04,42,58,23
1e-04,43,56,24
1e-04,44,61,24
1e-04,45,55,24
1e-04,46,56,22
1e-04,47,60,25
1e-04,48,52,29
1e-04,49,65,29
1e-04,50,59,24
1e-04,51,56,27
1e-04,52,59,27
1e-04,53,56,22
1e-04,54,50,23
1e-04,55,54,25
1e-04,56,56,23
1e-04,57,59,28
1e-04,58,56,22
1e-04,59,57,27
1e-04,60,60,32
1e-04,61,65,21
1e-04,62,53,29
1e-04,63,66,29
1e-04,64,64,25
1e-04,65,60,30
1e-04,66,60,31
1e-04,67,58,26
1e-04,68,63,29
1e-04,69,62,27
1e-04,70,63,28
1e-04,71,63,22
1e-04,72,52,22
1e-04,73,55,23
1e-04,74,55,26
1e-04,75,61,28
1e-04,76,63,27
1e-04,77,62,21
1e-04,78,55,27
1e-04,79,65,29
1e-04,80,61,26
1e-04,81,54,26
1e-04,82,56,29
1e-04,83,63,28
1e-04,84,65,26
1e-04,85,54,25
1e-04,86,61,25
1e-04,87,61,25
1e-04,88,58,23
1e-04,89,61,27
1e-04,90,65,28
1e-04,91,58,28
1e-04,92,65,24
1e-04,93,61,24
1e-04,94,61,30
1e-04,95,62,24
1e-04,96,51,22
1e-04,97,50,26
1e-04,98,60,26
1e-04,99,64,23
1e-04,100,58,28
1e-03,0,36,14
1e-03,1,35,17
1e-03,2,36,16
1e-03,3,34,15
1e-03,4,36,15
1e-03,5,36,16
1e-03,6,37,15
1e-03,7,34,15
1e-03,8,35,15
1e-03,9,35,14
1e-03,10,35,14
1e-03,11,36,16
1e-03,12,38,17
1e-03,13,37,16
1e-03,14,37,16
1e-03,15,37,17
1e-03,16,34,15
1e-03,17,36,16
1e-03,18,37,15
1e-03,19,36,16
1e-03,20,36,13
1e-03,21,32,14
1e-03,22,35,15
1e-03,23,36,16
1e-03,24,36,15
1e-03,25,33,15
1e-03,26,33,15
1e-03,27,35,15
1e-03,28,35,14
1e-03,29,34,15
1e-03,30,37,15
1e-03,31,35,15
1e-03,32,36,14
1e-03,33,34,15
1e-03,34,36,16
1e-03,35,37,17
1e-03,36,41,15
1e-03,37,36,14
1e-03,38,36,16
1e-03,39,38,15
1e-03,40,37,15
1e-03,41,36,15
1e-03,42,33,15
1e-03,43,36,14
1e-03,44,36,16
1e-03,45,38,15
1e-03,46,37,15
1e-03,47,36,15
1e-03,48,35,14
1e-03,49,36,16
1e-03,50,37,15
1e-03,51,33,15
1e-03,52,36,16
1e-03,53,34,15
1e-03,54,34,15
1e-03,55,36,15
1e-03,56,33,15
1e-03,57,36,15
1e-03,58,33,15
1e-03,59,36,16
1e-03,60,37,15
1e-03,61,32,14
1e-03,62,33,16
1e-03,63,38,21
1e-03,64,42,15
1e-03,65,37,17
1e-03,66,37,16
1e-03,67,35,14
1e-03,68,36,15
1e-03,69,37,15
1e-03,70,37,15
1e-03,71,36,14
1e-03,72,35,15
1e-03,73,37,15
1e-03,74,38,16
1e-03,75,36,17
1e-03,76,38,15
1e-03,77,36,15
1e-03,78,36,14
1e-03,79,33,16
1e-03,80,37,15
1e-03,81,33,14
1e-03,82,33,15
1e-03,83,32,14
1e-03,84,35,15
1e-03,85,33,14
1e-03,86,36,17
1e-03,87,39,15
1e-03,88,36,14
1e-03,89,35,16
1e-03,90,39,15
1e-03,91,36,15
1e-03,92,35,15
1e-03,93,37,15
1e-03,94,35,16
1e-03,95,34,14
1e-03,96,34,15
1e-03,97,32,14
1e-03,98,36,15
1e-03,99,33,15
1e-03,100,37,15
1e-02,0,20,9
1e-02,1,21,9
1e-02,2,21,9
1e-02,3,21,9
1e-02,4,21,9
1e-02,5,21,9
1e-02,6,21,9
1e-02,7,20,8
1e-02,8,25,9
1e-02,9,21,9
1e-02,10,21,9
1e-02,11,21,9
1e-02,12,22,9
1e-02,13,20,8
1e-02,14,20,9
1e-02,15,20,9
1e-02,16,21,9
1e-02,17,21,9
1e-02,18,21,9
1e-02,19,21,9
1e-02,20,21,9
1e-02,21,20,8
1e-02,22,19,9
1e-02,23,21,9
1e-02,24,22,9
1e-02,25,19,9
1e-02,26,22,9
1e-02,27,21,9
1e-02,28,19,9
1e-02,29,19,9
1e-02,30,20,9
1e-02,31,20,9
1e-02,32,20,9
1e-02,33,21,9
1e-02,34,21,9
1e-02,35,22,9
1e-02,36,26,9
1e-02,37,19,9
1e-02,38,21,9
1e-02,39,20,9
1e-02,40,21,8
1e-02,41,20,9
1e-02,42,20,9
1e-02,43,19,9
1e-02,44,21,9
1e-02,45,21,9
1e-02,46,26,9
1e-02,47,21,9
1e-02,48,19,9
1e-02,49,21,8
1e-02,50,20,9
1e-02,51,21,9
1e-02,52,21,9
1e-02,53,19,9
1e-02,54,22,9
1e-02,55,21,9
1e-02,56,22,9
1e-02,57,20,9
1e-02,58,20,9
1e-02,59,21,9
1e-02,60,20,9
1e-02,61,20,9
1e-02,62,21,9
1e-02,63,22,9
1e-02,64,21,9
1e-02,65,21,8
1e-02,66,19,9
1e-02,67,20,9
1e-02,68,21,9
1e-02,69,21,9
1e-02,70,21,9
1e-02,71,20,9
1e-02,72,21,9
1e-02,73,19,9
1e-02,74,21,9
1e-02,75,21,9
1e-02,76,20,9
1e-02,77,21,9
1e-02,78,21,8
1e-02,79,19,9
1e-02,80,19,9
1e-02,81,21,9
1e-02,82,19,9
1e-02,83,20,9
1e-02,84,21,9
1e-02,85,21,9
1e-02,86,26,9
1e-02,87,21,9
1e-02,88,21,9
1e-02,89,21,9
1e-02,90,22,9
1e-02,91,21,9
1e-02,92,20,9
1e-02,93,21,9
1e-02,94,21,9
1e-02,95,21,9
1e-02,96,20,9
1e-02,97,20,9
1e-02,98,20,9
1e-02,99,21,9
1e-02,100,26,9
1e-01,0,14,6
1e-01,1,14,6
1e-01,2,14,6
1e-01,3,14,6
1e-01,4,14,6
1e-01,5,14,6
1e-01,6,14,6
1e-01,7,14,6
1e-01,8,15,6
1e-01,9,14,6
1e-01,10,15,6
1e-01,11,14,6
1e-01,12,14,6
1e-01,13,15,6
1e-01,14,15,6
1e-01,15,14,6
1e-01,16,15,6
1e-01,17,15,6
1e-01,18,14,6
1e-01,19,14,6
1e-01,20,14,6
1e-01,21,14,6
1e-01,22,14,6
1e-01,23,14,6
1e-01,24,14,6
1e-01,25,14,6
1e-01,26,14,6
1e-01,27,14,6
1e-01,28,14,6
1e-01,29,14,6
1e-01,30,14,6
1e-01,31,15,6
1e-01,32,15,6
1e-01,33,14,6
1e-01,34,14,6
1e-01,35,19,6
1e-01,36,14,6
1e-01,37,14,6
1e-01,38,19,6
1e-01,39,15,6
1e-01,40,14,6
1e-01,41,14,6
1e-01,42,14,6
1e-01,43,14,6
1e-01,44,14,6
1e-01,45,14,6
1e-01,46,14,6
1e-01,47,14,6
1e-01,48,14,6
1e-01,49,14,6
1e-01,50,14,6
1e-01,51,15,6
1e-01,52,15,6
1e-01,53,14,6
1e-01,54,14,6
1e-01,55,14,6
1e-01,56,15,6
1e-01,57,14,6
1e-01,58,14,6
1e-01,59,14,6
1e-01,60,14,6
1e-01,61,14,6
1e-01,62,15,6
1e-01,63,15,6
1e-01,64,14,6
1e-01,65,15,6
1e-01,66,14,6
1e-01,67,14,6
1e-01,68,15,6
1e-01,69,14,6
1e-01,70,14,6
1e-01,71,15,6
1e-01,72,14,6
1e-01,73,14,6
1e-01,74,15,6
1e-01,75,15,6
1e-01,76,14,6
1e-01,77,14,6
1e-01,78,14,6
1e-01,79,15,6
1e-01,80,14,6
1e-01,81,14,6
1e-01,82,14,6
1e-01,83,14,6
1e-01,84,14,6
1e-01,85,14,6
1e-01,86,19,6
1e-01,87,14,6
1e-01,88,14,6
1e-01,89,14,6
1e-01,90,19,6
1e-01,91,14,6
1e-01,92,14,6
1e-01,93,14,6
1e-01,94,15,6
1e-01,95,14,6
1e-01,96,14,6
1e-01,97,14,6
1e-01,98,14,6
1e-01,99,14,6
1e-01,100,15,6
1e+00,0,12,6
1e+00,1,13,6
1e+00,2,13,6
1e+00,3,13,6
1e+00,4,13,6
1e+00,5,13,6
1e+00,6,13,6
1e+00,7,13,6
1e+00,8,13,6
1e+00,9,13,6
1e+00,10,13,6
1e+00,11,13,6
1e+00,12,13,6
1e+00,13,13,6
1e+00,14,13,6
1e+00,15,13,6
1e+00,16,13,6
1e+00,17,13,6
1e+00,18,13,6
1e+00,19,13,6
1e+00,20,13,6
1e+00,21,13,6
1e+00,22,13,6
1e+00,23,13,6
1e+00,24,13,6
1e+00,25,13,6
1e+00,26,13,6
1e+00,27,13,6
1e+00,28,13,6
1e+00,29,13,6
1e+00,30,13,6
1e+00,31,13,6
1e+00,32,13,6
1e+00,33,13,6
1e+00,34,13,6
1e+00,35,13,6
1e+00,36,13,6
1e+00,37,13,6
1e+00,38,13,6
1e+00,39,13,6
1e+00,40,13,6
1e+00,41,13,6
1e+00,42,13,6
1e+00,43,13,6
1e+00,44,13,6
1e+00,45,13,6
1e+00,46,13,6
1e+00,47,13,6
1e+00,48,13,6
1e+00,49,13,6
1e+00,50,13,6
1e+00,51,13,6
1e+00,52,13,6
1e+00,53,13,6
1e+00,54,13,6
1e+00,55,13,6
1e+00,56,13,6
1e+00,57,13,6
1e+00,58,13,6
1e+00,59,13,6
1e+00,60,13,6
1e+00,61,13,6
1e+00,62,13,6
1e+00,63,13,6
1e+00,64,13,6
1e+00,65,13,6
1e+00,66,13,6
1e+00,67,13,6
1e+00,68,13,6
1e+00,69,13,6
1e+00,70,13,6
1e+00,71,13,6
1e+00,72,13,6
1e+00,73,13,6
1e+00,74,13,6
1e+00,75,13,6
1e+00,76,13,6
1e+00,77,13,6
1e+00,78,13,6
1e+00,79,13,6
1e+00,80,13,6
1e+00,81,13,6
1e+00,82,13,6
1e+00,83,13,6
1e+00,84,13,6
1e+00,85,13,6
1e+00,86,13,6
1e+00,87,13,6
1e+00,88,13,6
1e+00,89,13,6
1e+00,90,13,6
1e+00,91,13,6
1e+00,92,13,6
1e+00,93,13,6
1e+00,94,13,6
1e+00,95,13,6
1e+00,96,13,6
1e+00,97,13,6
1e+00,98,13,6
1e+00,99,13,6
1e+00,100,13,6
