model,augment_dim,geometry,seed,epochs,width_over_pi,n_train_after_slice,n_slice_val,train_acc,train_loss,full_val_acc,full_val_loss,slice_val_acc,slice_val_loss,obs_val_acc,obs_val_loss,gen_gap_loss,fwd_nfe,recon_max,recon_ok,train_tol,eval_tol,hardware,wall_s
ANODE-p1,1,spheres,1,100,0.125,1124,202,1.0,7.9468327385257e-06,0.9990000128746033,0.0028656201902776957,1.0,1.340216726930521e-06,0.9989278316497803,0.003072405233979225,-6.606616011595179e-06,152.0,0.0003907769569195807,1,1e-06,1e-06,AMD Ryzen 7 7700X 8-Core Processor,231.4
ANODE-p1,1,spheres,2,100,0.125,1126,200,1.0,5.293485094703954e-10,0.999666690826416,0.0005657704314216971,1.0,0.0,0.9996428489685059,0.0006061826134100556,-5.293485094703954e-10,164.0,0.0006902387831360102,1,1e-06,1e-06,AMD Ryzen 7 7700X 8-Core Processor,249.1
ANODE-p1,1,spheres,3,100,0.125,1127,179,1.0,5.784849577139539e-07,1.0,1.312939730269136e-06,1.0,8.298000579998188e-07,1.0,1.3435964092423092e-06,2.513151002858649e-07,188.0,0.0004564578121062368,1,1e-06,1e-06,AMD Ryzen 7 7700X 8-Core Processor,273.7
NODE,0,spheres,1,100,0.125,1124,202,1.0,2.510094600438606e-05,0.9976666569709778,0.012787812389433384,1.0,3.388161712791771e-05,0.9974982142448425,0.013708573766052723,8.780671123531647e-06,188.0,0.0008080604602582753,1,1e-06,1e-06,AMD Ryzen 7 7700X 8-Core Processor,276.2
NODE,0,spheres,5,100,0.125,1115,202,1.0,5.3866398957325146e-05,0.999666690826416,0.0028605922125279903,1.0,7.173184712883085e-05,0.9996426105499268,0.0030619322787970304,1.7865448171505705e-05,164.0,0.0007796356803737581,1,1e-06,1e-06,AMD Ryzen 7 7700X 8-Core Processor,278.9
NODE,0,spheres,8,100,0.125,1121,163,1.0,1.0593887054710649e-05,0.9756666421890259,0.27518537640571594,0.5766870975494385,4.907632350921631,0.9985900521278381,0.009027870371937752,4.907621757034576,206.0,0.0007962749805301428,1,1e-06,1e-06,AMD Ryzen 7 7700X 8-Core Processor,291.4
NODE,0,spheres,9,100,0.125,1131,184,1.0,1.1609888133534696e-05,0.9756666421890259,0.32326826453208923,0.6086956262588501,5.253376483917236,0.9996448755264282,0.0011305642547085881,5.253364874029103,212.0,0.0007546897977590561,1,1e-06,1e-06,AMD Ryzen 7 7700X 8-Core Processor,295.4
ANODE-p1,1,spheres,0,100,0.125,1111,195,1.0,2.6991897357220296e-06,1.0,2.9671268748643342e-06,1.0,9.353331620332028e-07,1.0,3.108374585281126e-06,-1.7638565736888268e-06,206.0,0.000587797665502876,1,1e-06,1e-06,AMD Ryzen 7 7700X 8-Core Processor,302.3
NODE,0,spheres,3,100,0.125,1127,179,1.0,1.1965247722400818e-05,0.9890000224113464,0.09834522753953934,0.8156424760818481,1.6448514461517334,1.0,0.00021528238721657544,1.644839480904011,224.0,0.000740493182092905,1,1e-06,1e-06,AMD Ryzen 7 7700X 8-Core Processor,317.6
NODE,0,spheres,0,100,0.125,1111,195,1.0,0.005159296095371246,0.9993333220481873,0.006214672699570656,1.0,0.006110303103923798,0.9992870092391968,0.00622192956507206,0.0009510070085525513,242.0,0.007868636399507523,1,1e-06,1e-06,AMD Ryzen 7 7700X 8-Core Processor,377.1
ANODE-p1,1,spheres,5,100,0.125,1115,202,1.0,2.79232335742563e-06,0.9993333220481873,0.002089281100779772,1.0,3.068728119615116e-06,0.9992852210998535,0.002239893889054656,2.7640476218948606e-07,140.0,0.000606038433033973,1,1e-06,1e-06,AMD Ryzen 7 7700X 8-Core Processor,199.3
ANODE-p1,1,spheres,7,100,0.125,1128,170,1.0,1.1625018725425207e-09,1.0,1.5457393587325896e-08,1.0,0.0,1.0,1.6385929058060356e-08,-1.1625018725425207e-09,152.0,0.0004578102962113917,1,1e-06,1e-06,AMD Ryzen 7 7700X 8-Core Processor,220.5
ANODE-p1,1,spheres,4,100,0.125,1112,183,1.0,2.5471200615356793e-07,0.9983333349227905,0.008923633955419064,1.0,1.595308049218147e-06,0.9982250332832336,0.009503234177827835,1.3405960430645791e-06,206.0,0.0004061312065459788,1,1e-06,1e-06,AMD Ryzen 7 7700X 8-Core Processor,285.6
ANODE-p2,2,spheres,2,100,0.125,1126,200,1.0,7.245703272928949e-07,1.0,8.606344636064023e-06,1.0,5.459779117700236e-07,1.0,9.182085705106147e-06,-1.785924155228713e-07,152.0,0.0005951707134954631,1,1e-06,1e-06,AMD Ryzen 7 7700X 8-Core Processor,218.2
NODE,0,spheres,2,100,0.125,1126,200,1.0,0.0027800246607512236,0.996666669845581,0.0183019507676363,1.0,0.0018358118832111359,0.9964285492897034,0.019478103145956993,-0.0009442127775400877,290.0,0.0021328541915863752,1,1e-06,1e-06,AMD Ryzen 7 7700X 8-Core Processor,546.3
ANODE-p1,1,spheres,9,100,0.125,1131,184,1.0,7.082988418005698e-08,1.0,7.470441687473794e-08,1.0,3.887258959167639e-09,1.0,7.933167012197373e-08,-6.694262522088934e-08,182.0,0.0003816221433226019,1,1e-06,1e-06,AMD Ryzen 7 7700X 8-Core Processor,265.7
ANODE-p1,1,spheres,6,100,0.125,1145,157,1.0,5.907226295676082e-06,1.0,6.3474544731434435e-06,1.0,2.94217807095265e-06,1.0,6.535505690408172e-06,-2.9650482247234322e-06,200.0,0.0008758245967328548,1,1e-06,1e-06,AMD Ryzen 7 7700X 8-Core Processor,290.5
ANODE-p1,1,spheres,8,100,0.125,1121,163,1.0,7.61724436415534e-07,1.0,7.14418774805381e-07,1.0,1.3895559902721288e-07,1.0,7.474819767594454e-07,-6.227688373883211e-07,200.0,0.0005805783439427614,1,1e-06,1e-06,AMD Ryzen 7 7700X 8-Core Processor,287.7
ANODE-p2,2,spheres,0,100,0.125,1111,195,1.0,1.062260768236456e-08,1.0,7.036842220031758e-08,1.0,3.056648267829587e-09,1.0,7.504785060064023e-08,-7.565959414534973e-09,194.0,0.0003697883803397417,1,1e-06,1e-06,AMD Ryzen 7 7700X 8-Core Processor,275.5
ANODE-p2,2,spheres,1,100,0.125,1124,202,1.0,5.34318871814321e-07,0.9983333349227905,0.005460542626678944,0.9950494766235352,0.01680474914610386,0.9985703825950623,0.0046415552496910095,0.016804214827232045,206.0,0.0016165911220014095,1,1e-06,1e-06,AMD Ryzen 7 7700X 8-Core Processor,286.8
NODE,0,spheres,7,100,0.125,1128,170,1.0,0.0023747289087623358,0.9953333139419556,0.06538887321949005,0.929411768913269,0.7973245978355408,0.9992932677268982,0.021421002224087715,0.7949498689267784,314.0,0.0033481759019196033,1,1e-06,1e-06,AMD Ryzen 7 7700X 8-Core Processor,701.3
ANODE-p2,2,spheres,3,100,0.125,1127,179,1.0,1.4157975556372548e-06,1.0,1.6202366168727167e-06,1.0,6.2194321799324825e-06,1.0,1.3284054602991091e-06,4.803634624295228e-06,230.0,0.01203510444611311,0,1e-06,1e-06,AMD Ryzen 7 7700X 8-Core Processor,328.9
ANODE-p2,2,spheres,7,100,0.125,1128,170,1.0,3.548793188201671e-07,1.0,3.7014402209933905e-07,1.0,2.454306979871035e-07,1.0,3.776356720663898e-07,-1.0944862083306361e-07,140.0,0.0004492971347644925,1,1e-06,1e-06,AMD Ryzen 7 7700X 8-Core Processor,196.3
ANODE-p2,2,spheres,4,100,0.125,1112,183,1.0,5.0385202676750396e-09,0.9986666440963745,0.010834298096597195,1.0,0.0,0.9985800385475159,0.011538123711943626,-5.0385202676750396e-09,188.0,0.0004000139597337693,1,1e-06,1e-06,AMD Ryzen 7 7700X 8-Core Processor,286.7
ANODE-p2,2,spheres,5,100,0.125,1115,202,1.0,5.834298235640745e-07,1.0,6.843195023975568e-06,1.0,3.5998823477711994e-07,1.0,7.311246463359566e-06,-2.2344158878695453e-07,170.0,0.0005099927075207233,1,1e-06,1e-06,AMD Ryzen 7 7700X 8-Core Processor,247.4
ANODE-p2,2,spheres,9,100,0.125,1131,184,1.0,1.5099689107955783e-06,1.0,3.256846184740425e-06,1.0,2.6044611445286137e-07,1.0,3.4526337913121097e-06,-1.249522796342717e-06,122.0,0.0005048711900599301,1,1e-06,1e-06,AMD Ryzen 7 7700X 8-Core Processor,190.8
ANODE-p3,3,spheres,0,100,0.125,1111,195,1.0,1.4699651273986092e-07,0.999666690826416,0.00038168844184838235,1.0,4.768370232000052e-08,0.9996435046195984,0.0004082196101080626,-9.93128104198604e-08,134.0,0.0006220309878699481,1,1e-06,1e-06,AMD Ryzen 7 7700X 8-Core Processor,202.2
ANODE-p3,3,spheres,2,100,0.125,1126,200,1.0,2.6935555069940165e-05,1.0,2.2954396627028473e-05,1.0,2.4205059162341058e-05,1.0,2.2865066057420336e-05,-2.7304959075991064e-06,128.0,0.0004985937266610563,1,1e-06,1e-06,AMD Ryzen 7 7700X 8-Core Processor,201.7
NODE,0,spheres,4,100,0.125,1112,183,0.9973021745681763,0.026843516156077385,0.9926666617393494,0.045108307152986526,0.9234972596168518,0.27187269926071167,0.9971600770950317,0.030377071350812912,0.24502918310463428,248.0,0.0030659690964967012,1,1e-06,1e-06,AMD Ryzen 7 7700X 8-Core Processor,778.8
ANODE-p2,2,spheres,6,100,0.125,1145,157,1.0,8.142195611071656e-07,1.0,0.00010428520909044892,1.0,0.0019809079822152853,1.0,6.518006898659223e-07,0.001980093762654178,182.0,0.0013737801928073168,1,1e-06,1e-06,AMD Ryzen 7 7700X 8-Core Processor,271.5
ANODE-p2,2,spheres,8,100,0.125,1121,163,1.0,3.285964567112387e-08,1.0,3.282228178136393e-08,1.0,0.0,1.0,3.470809062378066e-08,-3.285964567112387e-08,182.0,0.000366427528206259,1,1e-06,1e-06,AMD Ryzen 7 7700X 8-Core Processor,267.6
ANODE-p3,3,spheres,1,100,0.125,1124,202,1.0,1.8029873150027242e-09,0.9993333220481873,0.0027796770446002483,1.0,0.0,0.9992852210998535,0.002980354242026806,-1.8029873150027242e-09,212.0,0.0010449138935655355,1,1e-06,1e-06,AMD Ryzen 7 7700X 8-Core Processor,285.7
ANODE-p3,3,spheres,3,100,0.125,1127,179,1.0,0.0,1.0,1.1920928133513087e-10,1.0,0.0,1.0,1.2677342509093137e-10,0.0,194.0,0.0006191104184836149,1,1e-06,1e-06,AMD Ryzen 7 7700X 8-Core Processor,299.1
ANODE-p3,3,spheres,5,100,0.125,1115,202,1.0,5.04633170805846e-08,1.0,3.3068070592889853e-07,1.0,1.4635573108989774e-07,1.0,3.439879492361797e-07,9.589241400931314e-08,146.0,0.00046292736078612506,1,1e-06,1e-06,AMD Ryzen 7 7700X 8-Core Processor,218.7
ANODE-p3,3,spheres,6,100,0.125,1145,157,1.0,4.076054665347328e-06,1.0,4.454666850506328e-05,1.0,2.9612485263896815e-07,1.0,4.699033161159605e-05,-3.7799298127083603e-06,140.0,0.0004660257836803794,1,1e-06,1e-06,AMD Ryzen 7 7700X 8-Core Processor,220.2
ANODE-p3,3,spheres,4,100,0.125,1112,183,1.0,5.329611667548306e-06,0.9990000128746033,0.004807766526937485,0.994535505771637,0.015197117812931538,0.9992900490760803,0.004132845439016819,0.01519178820126399,170.0,0.0006632742006331682,1,1e-06,1e-06,AMD Ryzen 7 7700X 8-Core Processor,255.7
ANODE-p3,3,spheres,7,100,0.125,1128,170,1.0,8.052743942243978e-05,1.0,8.254248677985743e-05,1.0,0.0001356275170110166,1.0,7.935364556033164e-05,5.5100077588576823e-05,158.0,0.0006115899886935949,1,1e-06,1e-06,AMD Ryzen 7 7700X 8-Core Processor,244.0
ANODE-p5,5,spheres,2,100,0.125,1126,200,1.0,6.034572841429053e-09,1.0,7.311502514539825e-09,1.0,3.9339060009524474e-08,1.0,5.023819582561373e-09,3.330448716809542e-08,146.0,0.0004372920957393944,1,1e-06,1e-06,AMD Ryzen 7 7700X 8-Core Processor,219.3
ANODE-p5,5,spheres,1,100,0.125,1124,202,1.0,7.706796895945445e-05,1.0,7.507426926167682e-05,1.0,6.579598266398534e-05,1.0,7.574410847155377e-05,-1.1271986295469105e-05,164.0,0.0015579932369291782,1,1e-06,1e-06,AMD Ryzen 7 7700X 8-Core Processor,256.9
ANODE-p3,3,spheres,9,100,0.125,1131,184,1.0,1.6758711751663213e-08,0.9986666440963745,0.021329332143068314,1.0,1.2957530604040812e-09,0.9985795617103577,0.022723011672496796,-1.5462958691259132e-08,188.0,0.0014148204354569316,1,1e-06,1e-06,AMD Ryzen 7 7700X 8-Core Processor,290.9
ANODE-p5,5,spheres,3,100,0.125,1127,179,1.0,2.1155151241902814e-10,0.999666690826416,0.0022145803086459637,1.0,0.0,0.9996455311775208,0.0023551012855023146,-2.1155151241902814e-10,182.0,0.002113587688654661,1,1e-06,1e-06,AMD Ryzen 7 7700X 8-Core Processor,264.3
ANODE-p5,5,spheres,0,100,0.125,1111,195,1.0,0.00027265746030025184,0.9990000128746033,0.004009701777249575,1.0,0.00031960272463038564,0.9989304542541504,0.004266232717782259,4.6945264330133796e-05,182.0,0.0028779651038348675,1,1e-06,1e-06,AMD Ryzen 7 7700X 8-Core Processor,316.5
ANODE-p5,5,spheres,4,100,0.125,1112,183,1.0,0.0,0.9980000257492065,0.01625540293753147,1.0,0.0,0.9978700876235962,0.017311396077275276,0.0,194.0,0.003146982518956065,1,1e-06,1e-06,AMD Ryzen 7 7700X 8-Core Processor,295.9
ANODE-p5,5,spheres,5,100,0.125,1115,202,1.0,3.175350116180198e-08,1.0,3.298123019135346e-08,1.0,4.249043428217192e-08,1.0,3.2294721563630446e-08,1.073693312036994e-08,164.0,0.0004764995537698269,1,1e-06,1e-06,AMD Ryzen 7 7700X 8-Core Processor,259.0
ANODE-p3,3,spheres,8,100,0.125,1121,163,1.0,2.915872698849853e-07,1.0,1.2935737458974472e-06,1.0,1.8283632385873716e-08,1.0,1.366845594930055e-06,-2.733036374991116e-07,236.0,0.08474607020616531,0,1e-06,1e-06,AMD Ryzen 7 7700X 8-Core Processor,368.3
ANODE-p5,5,spheres,9,100,0.125,1131,184,1.0,5.827061613672413e-06,0.9990000128746033,0.003785161068663001,1.0,3.7479421735042706e-06,0.9989346861839294,0.004032242111861706,-2.0791194401681423e-06,158.0,0.000927027256693691,1,1e-06,1e-06,AMD Ryzen 7 7700X 8-Core Processor,193.2
ANODE-p5,5,spheres,6,100,0.125,1145,157,1.0,3.3628349882519615e-08,1.0,1.4124982044450007e-05,1.0,4.988371529179858e-07,1.0,1.487746339989826e-05,4.652088030354662e-07,170.0,0.0005267472588457167,1,1e-06,1e-06,AMD Ryzen 7 7700X 8-Core Processor,264.1
ANODE-p5,5,spheres,7,100,0.125,1128,170,1.0,0.0006429980276152492,0.9990000128746033,0.002815728774294257,1.0,0.0006241799565032125,0.9989399313926697,0.0029473770409822464,-1.8818071112036705e-05,158.0,0.0005860165692865849,1,1e-06,1e-06,AMD Ryzen 7 7700X 8-Core Processor,258.9
ANODE-p5,5,spheres,8,100,0.125,1121,163,1.0,4.212176918372279e-07,1.0,3.9974469245862565e-07,1.0,6.21643394538296e-08,1.0,4.1914040593837854e-07,-3.590533523833983e-07,188.0,0.00040168699342757463,1,1e-06,1e-06,AMD Ryzen 7 7700X 8-Core Processor,258.5
NODE,0,spheres,0,100,0.2,1069,287,1.0,6.430933808587724e-06,0.9629999995231628,0.7175379991531372,0.6132404208183289,7.498092174530029,1.0,0.00024390281760133803,7.498085743596221,218.0,0.0007166696595959365,1,1e-06,1e-06,AMD Ryzen 7 7700X 8-Core Processor,282.0
NODE,0,spheres,1,100,0.2,1087,320,1.0,3.2349314551538555e-06,0.9470000267028809,0.9228766560554504,0.518750011920929,8.402246475219727,0.9981343150138855,0.02981751598417759,8.402243240288271,224.0,0.0006116550066508353,1,1e-06,1e-06,AMD Ryzen 7 7700X 8-Core Processor,307.1
NODE,0,spheres,3,100,0.2,1084,278,1.0,3.852742793242214e-06,0.9646666646003723,0.5643137097358704,0.6187050342559814,6.089211463928223,1.0,5.158522981218994e-05,6.089207611185429,200.0,0.0011672230903059244,1,1e-06,1e-06,AMD Ryzen 7 7700X 8-Core Processor,284.6
NODE,0,spheres,6,100,0.125,1145,157,0.8296943306922913,0.43164101243019104,0.8233333230018616,0.4391615688800812,0.9171974658966064,0.4044509828090668,0.8181498646736145,0.44107839465141296,-0.027190029621124268,362.0,0.009018776006996632,1,1e-06,1e-06,AMD Ryzen 7 7700X 8-Core Processor,1361.5
NODE,0,spheres,9,100,0.2,1090,292,1.0,1.427302231604699e-05,0.9649999737739563,0.46222004294395447,0.6404109597206116,4.747677326202393,1.0,0.0001249995402758941,4.7476630531800765,200.0,0.0006513861590065062,1,1e-06,1e-06,AMD Ryzen 7 7700X 8-Core Processor,213.8
NODE,0,spheres,8,100,0.2,1080,288,1.0,1.9459175746305846e-05,0.9549999833106995,0.571157693862915,0.5381944179534912,5.922582149505615,0.9992625117301941,0.002864870708435774,5.922562690329869,182.0,0.0007757164421491325,1,1e-06,1e-06,AMD Ryzen 7 7700X 8-Core Processor,256.3
NODE,0,spheres,5,100,0.2,1079,326,1.0,0.0001304353354498744,0.999666690826416,0.0028687056619673967,1.0,0.0001714620302664116,0.9996260404586792,0.0031975398305803537,4.10266948165372e-05,164.0,0.0008389319409616292,1,1e-06,1e-06,AMD Ryzen 7 7700X 8-Core Processor,290.7
ANODE-p1,1,spheres,0,100,0.2,1069,287,1.0,2.8385381938278442e-06,1.0,6.851011676189955e-06,1.0,2.4340289428437245e-07,1.0,7.550011559942504e-06,-2.5951352995434718e-06,206.0,0.0005424036062322557,1,1e-06,1e-06,AMD Ryzen 7 7700X 8-Core Processor,226.3
ANODE-p1,1,spheres,1,100,0.2,1087,320,1.0,8.203164014730646e-08,1.0,1.6769836292951368e-06,1.0,0.0,1.0,1.8772204839478945e-06,-8.203164014730646e-08,182.0,0.0006578714237548411,1,1e-06,1e-06,AMD Ryzen 7 7700X 8-Core Processor,238.7
ANODE-p1,1,spheres,2,100,0.2,1092,315,1.0,0.0,0.999666690826416,0.0015357265947386622,1.0,2.637633826907404e-07,0.9996275901794434,0.0017158646369352937,2.637633826907404e-07,164.0,0.00043790240306407213,1,1e-06,1e-06,AMD Ryzen 7 7700X 8-Core Processor,250.6
NODE,0,spheres,4,100,0.2,1072,291,1.0,0.0018851652275770903,0.9980000257492065,0.013890520669519901,1.0,0.0015250960132107139,0.9977851510047913,0.015218810178339481,-0.0003600692143663764,260.0,0.006684162653982639,1,1e-06,1e-06,AMD Ryzen 7 7700X 8-Core Processor,410.4
ANODE-p1,1,spheres,5,100,0.2,1079,326,1.0,4.3606797817119514e-07,0.999666690826416,0.0005686284275725484,1.0,0.00024993272381834686,0.9996260404586792,0.0006074820994399488,0.00024949665584017566,140.0,0.000467470264993608,1,1e-06,1e-06,AMD Ryzen 7 7700X 8-Core Processor,207.7
ANODE-p1,1,spheres,3,100,0.2,1084,278,1.0,6.410213018170907e-07,0.996666669845581,0.009916679002344608,0.9748201370239258,0.0692356675863266,0.9988978505134583,0.003858384443446994,0.06923502656502478,194.0,0.00077801727456972,1,1e-06,1e-06,AMD Ryzen 7 7700X 8-Core Processor,275.9
ANODE-p2,2,spheres,0,100,0.2,1069,287,1.0,4.9223058340430725e-06,0.999666690826416,0.0007763399044051766,1.0,6.0949550970690325e-06,0.999631404876709,0.0008578217821195722,1.17264926302596e-06,170.0,0.00039019552059471607,1,1e-06,1e-06,AMD Ryzen 7 7700X 8-Core Processor,190.7
ANODE-p1,1,spheres,4,100,0.2,1072,291,1.0,1.2354584555396286e-07,0.999666690826416,0.0003330803301651031,1.0,3.3140921118501865e-07,0.999630868434906,0.0003688241122290492,2.0786336563105579e-07,194.0,0.0014509691391140223,1,1e-06,1e-06,AMD Ryzen 7 7700X 8-Core Processor,269.5
NODE,0,spheres,7,100,0.2,1076,295,1.0,0.002703207079321146,0.9986666440963745,0.00954193901270628,1.0,0.008188953623175621,0.9985212683677673,0.009689491242170334,0.005485746543854475,242.0,0.0012880353024229407,1,1e-06,1e-06,AMD Ryzen 7 7700X 8-Core Processor,465.0
ANODE-p1,1,spheres,7,100,0.2,1076,295,1.0,1.0857350574156044e-08,1.0,5.328876795829274e-06,1.0,0.0,1.0,5.9100298130942974e-06,-1.0857350574156044e-08,158.0,0.00047516217455267906,1,1e-06,1e-06,AMD Ryzen 7 7700X 8-Core Processor,214.8
ANODE-p1,1,spheres,9,100,0.2,1090,292,1.0,5.7250676945841406e-06,1.0,1.1961858945142012e-05,1.0,6.361890700645745e-05,1.0,6.391747774614487e-06,5.789383931187331e-05,158.0,0.00047203144640661776,1,1e-06,1e-06,AMD Ryzen 7 7700X 8-Core Processor,231.2
ANODE-p1,1,spheres,8,100,0.2,1080,288,1.0,8.21217440716282e-08,1.0,4.222652307817043e-07,1.0,3.311368290681571e-09,1.0,4.667558926030324e-07,-7.881037578094663e-08,206.0,0.006679339334368706,1,1e-06,1e-06,AMD Ryzen 7 7700X 8-Core Processor,290.7
ANODE-p1,1,spheres,6,100,0.2,1112,276,1.0,6.539340233757684e-07,0.9993333220481873,0.0030075320973992348,1.0,0.000419914023950696,0.9992657899856567,0.0032697126735001802,0.0004192600899273202,218.0,0.00044148915912956,1,1e-06,1e-06,AMD Ryzen 7 7700X 8-Core Processor,310.3
ANODE-p2,2,spheres,1,100,0.2,1087,320,1.0,4.731073204311542e-07,0.9980000257492065,0.0033558309078216553,0.987500011920929,0.016684824600815773,0.9992537498474121,0.0017643088940531015,0.016684351493495342,194.0,0.0012136042350903153,1,1e-06,1e-06,AMD Ryzen 7 7700X 8-Core Processor,256.2
NODE,0,spheres,6,100,0.2,1112,276,1.0,0.003874748246744275,0.984666645526886,0.14883442223072052,0.8478260636329651,1.533524990081787,0.9985315799713135,0.008535359986126423,1.5296502418350428,278.0,0.0013343986356630921,1,1e-06,1e-06,AMD Ryzen 7 7700X 8-Core Processor,574.8
ANODE-p2,2,spheres,2,100,0.2,1092,315,1.0,6.106996806920506e-06,0.9983333349227905,0.0056167906150221825,1.0,7.2905104389064945e-06,0.9981378316879272,0.0062748887576162815,1.1835136319859885e-06,152.0,0.0004598525119945407,1,1e-06,1e-06,AMD Ryzen 7 7700X 8-Core Processor,240.3
ANODE-p2,2,spheres,3,100,0.2,1084,278,1.0,2.258814078004434e-07,1.0,3.4224822798023524e-07,1.0,1.0471497944308794e-06,1.0,2.702560379930219e-07,8.21268386630436e-07,194.0,0.0004939154023304582,1,1e-06,1e-06,AMD Ryzen 7 7700X 8-Core Processor,277.9
ANODE-p2,2,spheres,7,100,0.2,1076,295,1.0,2.998016498167999e-06,1.0,1.3429811588139273e-05,1.0,5.656717621604912e-05,1.0,8.72536747920094e-06,5.356915971788112e-05,122.0,0.0006022966699674726,1,1e-06,1e-06,AMD Ryzen 7 7700X 8-Core Processor,179.8
ANODE-p2,2,spheres,5,100,0.2,1079,326,1.0,2.263857368234312e-06,1.0,2.3929073904582765e-06,1.0,1.943538563864422e-06,1.0,2.447691940687946e-06,-3.2031880436989013e-07,164.0,0.0007145366980694234,1,1e-06,1e-06,AMD Ryzen 7 7700X 8-Core Processor,237.6
ANODE-p2,2,spheres,9,100,0.2,1090,292,1.0,9.090426260627282e-07,1.0,5.170929853193229e-06,1.0,1.3472281068516168e-08,1.0,5.727051757276058e-06,-8.955703449942121e-07,140.0,0.000465003598947078,1,1e-06,1e-06,AMD Ryzen 7 7700X 8-Core Processor,220.7
ANODE-p2,2,spheres,8,100,0.2,1080,288,1.0,3.454860930673931e-08,0.996666669845581,0.01973826251924038,1.0,0.0,0.99631267786026,0.0218343622982502,-3.454860930673931e-08,176.0,0.0006071801763027906,1,1e-06,1e-06,AMD Ryzen 7 7700X 8-Core Processor,252.2
ANODE-p2,2,spheres,4,100,0.2,1072,291,1.0,3.518395260471152e-06,1.0,3.2079210541269276e-06,1.0,4.917831574857701e-06,1.0,3.0242433695093496e-06,1.3994363143865485e-06,212.0,0.0008078668033704162,1,1e-06,1e-06,AMD Ryzen 7 7700X 8-Core Processor,303.5
ANODE-p3,3,spheres,0,100,0.2,1069,287,1.0,2.7878688246829597e-09,0.9959999918937683,0.01916639506816864,0.9686411023139954,0.15066809952259064,0.998894214630127,0.005255227908492088,0.1506680967347218,158.0,0.0003735801437869668,1,1e-06,1e-06,AMD Ryzen 7 7700X 8-Core Processor,232.8
ANODE-p3,3,spheres,2,100,0.2,1092,315,1.0,1.349290386087887e-07,1.0,1.537399612061563e-07,1.0,3.988770629348437e-07,1.0,1.2498085766310396e-07,2.63948024326055e-07,140.0,0.0005074762157164514,1,1e-06,1e-06,AMD Ryzen 7 7700X 8-Core Processor,226.5
ANODE-p2,2,spheres,6,100,0.2,1112,276,1.0,5.856152711203322e-06,0.9983333349227905,0.005804477259516716,1.0,1.910797891468974e-06,0.9981644749641418,0.006392402108758688,-3.945354819734348e-06,212.0,0.011603094637393951,0,1e-06,1e-06,AMD Ryzen 7 7700X 8-Core Processor,343.2
ANODE-p3,3,spheres,5,100,0.2,1079,326,1.0,3.0698492992087267e-06,1.0,3.0013075047463644e-06,1.0,5.901801159780007e-06,1.0,2.647694373081322e-06,2.83195186057128e-06,140.0,0.0005056580412201583,1,1e-06,1e-06,AMD Ryzen 7 7700X 8-Core Processor,211.3
ANODE-p3,3,spheres,4,100,0.2,1072,291,1.0,3.0024724928523483e-09,1.0,4.331270453405978e-09,1.0,0.0,1.0,4.796534280870901e-09,-3.0024724928523483e-09,176.0,0.001978194108232856,1,1e-06,1e-06,AMD Ryzen 7 7700X 8-Core Processor,259.0
ANODE-p3,3,spheres,3,100,0.2,1084,278,1.0,6.132011094450718e-07,0.999666690826416,0.000601508014369756,1.0,4.866990366281243e-07,0.9996325969696045,0.0006628907867707312,-1.2650207281694748e-07,200.0,0.0010642233537510037,1,1e-06,1e-06,AMD Ryzen 7 7700X 8-Core Processor,296.2
ANODE-p3,3,spheres,6,100,0.2,1112,276,1.0,3.857975116261514e-06,1.0,1.464504293835489e-05,1.0,2.7945063152401417e-07,1.0,1.6100586435641162e-05,-3.5785244847374997e-06,146.0,0.00032811384880915284,1,1e-06,1e-06,AMD Ryzen 7 7700X 8-Core Processor,235.9
ANODE-p3,3,spheres,1,100,0.2,1087,320,1.0,2.30303109916008e-09,1.0,4.092850058867725e-09,1.0,0.0,1.0,4.5815484739364365e-09,-2.30303109916008e-09,230.0,0.0023498013615608215,1,1e-06,1e-06,AMD Ryzen 7 7700X 8-Core Processor,327.5
ANODE-p5,5,spheres,2,100,0.2,1092,315,1.0,2.3775041313456313e-07,1.0,1.5612215520377504e-07,1.0,8.855528932372181e-08,1.0,1.6404899838562415e-07,-1.4919512381084132e-07,110.0,0.0008690400863997638,1,1e-06,1e-06,AMD Ryzen 7 7700X 8-Core Processor,182.3
ANODE-p3,3,spheres,9,100,0.2,1090,292,1.0,6.22291267404762e-08,1.0,0.00010243610449833795,1.0,1.1512646835853957e-07,1.0,0.00011346923565724865,5.2897341618063365e-08,152.0,0.0005466513684950769,1,1e-06,1e-06,AMD Ryzen 7 7700X 8-Core Processor,254.2
ANODE-p5,5,spheres,0,100,0.2,1069,287,1.0,8.150984649546444e-05,1.0,7.169134187279269e-05,1.0,0.0001427779789082706,1.0,6.417130498448387e-05,6.126813241280615e-05,146.0,0.00039378582732751966,1,1e-06,1e-06,AMD Ryzen 7 7700X 8-Core Processor,243.6
ANODE-p3,3,spheres,7,100,0.2,1076,295,1.0,3.4887483479906223e-07,0.9990000128746033,0.004323942586779594,1.0,7.940530508676602e-07,0.9988909363746643,0.004795413464307785,4.45178216068598e-07,218.0,0.0029132510535418987,1,1e-06,1e-06,AMD Ryzen 7 7700X 8-Core Processor,321.5
ANODE-p5,5,spheres,3,100,0.2,1084,278,1.0,5.613416306005092e-06,1.0,7.0525588853342924e-06,1.0,1.638301728235092e-05,1.0,6.099632628320251e-06,1.0769600976345828e-05,128.0,0.0005374507745727897,1,1e-06,1e-06,AMD Ryzen 7 7700X 8-Core Processor,198.0
ANODE-p5,5,spheres,4,100,0.2,1072,291,1.0,5.684082680090796e-06,1.0,0.0001735311816446483,1.0,0.00017356104217469692,1.0,0.00017352795111946762,0.00016787695949460613,140.0,0.0005335209425538778,1,1e-06,1e-06,AMD Ryzen 7 7700X 8-Core Processor,199.6
ANODE-p3,3,spheres,8,100,0.2,1080,288,1.0,4.087326601620589e-07,0.999666690826416,0.00130836374592036,1.0,1.0968907560027219e-07,0.9996312856674194,0.0014472934417426586,-2.990435845617867e-07,260.0,0.007293207570910454,1,1e-06,1e-06,AMD Ryzen 7 7700X 8-Core Processor,373.2
ANODE-p5,5,spheres,5,100,0.2,1079,326,1.0,9.501388120725096e-09,0.9990000128746033,0.006066400092095137,1.0,1.2432868956580023e-08,0.9988780617713928,0.0068059819750487804,2.931480835854927e-09,152.0,0.00048246505321003497,1,1e-06,1e-06,AMD Ryzen 7 7700X 8-Core Processor,240.1
ANODE-p5,5,spheres,1,100,0.2,1087,320,1.0,2.863434076516569e-07,1.0,3.0632699576926825e-07,1.0,2.458690175899392e-07,1.0,3.13545854169206e-07,-4.047439006171771e-08,230.0,0.05606326460838318,0,1e-06,1e-06,AMD Ryzen 7 7700X 8-Core Processor,361.2
ANODE-p5,5,spheres,8,100,0.2,1080,288,1.0,3.0906104342420804e-09,0.999666690826416,0.001243552309460938,1.0,6.208815683805824e-09,0.9996312856674194,0.001375610358081758,3.1182052495637436e-09,146.0,0.0005917974631302059,1,1e-06,1e-06,AMD Ryzen 7 7700X 8-Core Processor,224.6
ANODE-p5,5,spheres,7,100,0.2,1076,295,1.0,9.372698173137906e-08,1.0,9.738526387081947e-06,1.0,3.507566646021587e-07,1.0,1.0762330930447206e-05,2.5702968287077965e-07,158.0,0.0005323488730937243,1,1e-06,1e-06,AMD Ryzen 7 7700X 8-Core Processor,252.7
ANODE-p5,5,spheres,6,100,0.2,1112,276,1.0,6.584255606867373e-05,0.9973333477973938,0.006871582008898258,1.0,4.530055230134167e-05,0.997063159942627,0.0075632319785654545,-2.0542003767332062e-05,182.0,0.0004154633206781,1,1e-06,1e-06,AMD Ryzen 7 7700X 8-Core Processor,291.3
NODE,0,spheres,1,100,0.3333,1002,507,1.0,6.2297617660078686e-06,0.9076666831970215,1.6455223560333252,0.45562130212783813,9.731782913208008,0.9995988607406616,0.0010241606505587697,9.731776683446242,176.0,0.000982945435680449,1,1e-06,1e-06,AMD Ryzen 7 7700X 8-Core Processor,235.6
NODE,0,spheres,0,100,0.3333,991,465,1.0,4.379171514301561e-06,0.9346666932106018,1.023059606552124,0.5784946084022522,6.600075721740723,1.0,5.6666940508875996e-05,6.600071342569208,206.0,0.0006210667197592556,1,1e-06,1e-06,AMD Ryzen 7 7700X 8-Core Processor,277.5
NODE,0,spheres,3,100,0.3333,1011,468,1.0,2.599645767986658e-06,0.9296666383743286,1.676753282546997,0.5491452813148499,10.748101234436035,1.0,5.869795859325677e-05,10.748098634790267,188.0,0.0010303491726517677,1,1e-06,1e-06,AMD Ryzen 7 7700X 8-Core Processor,236.1
ANODE-p5,5,spheres,9,100,0.2,1090,292,1.0,1.0459773420734564e-06,1.0,1.089292481992743e-06,1.0,1.2619008202818804e-06,1.0,1.0706803550419863e-06,2.1592347820842406e-07,200.0,0.00397723913192749,1,1e-06,1e-06,AMD Ryzen 7 7700X 8-Core Processor,326.0
NODE,0,spheres,5,100,0.3333,1008,509,1.0,4.249980702297762e-05,0.9963333606719971,0.03398130461573601,1.0,0.0002453977649565786,0.9955841302871704,0.040874745696783066,0.000202897957933601,182.0,0.0008936691447161138,1,1e-06,1e-06,AMD Ryzen 7 7700X 8-Core Processor,264.0
NODE,0,spheres,2,100,0.3333,999,514,1.0,0.00048101277207024395,0.9993333220481873,0.00524552259594202,1.0,0.0020836717449128628,0.9991955161094666,0.005899259354919195,0.0016026589728426188,170.0,0.0011119834380224347,1,1e-06,1e-06,AMD Ryzen 7 7700X 8-Core Processor,313.9
NODE,0,spheres,2,100,0.2,1092,315,0.877289354801178,0.3204169273376465,0.8946666717529297,0.2758040428161621,0.920634925365448,0.4115108847618103,0.8916200995445251,0.2598831355571747,0.09109395742416382,476.0,0.004272301681339741,1,1e-06,1e-06,AMD Ryzen 7 7700X 8-Core Processor,1384.0
NODE,0,spheres,9,100,0.3333,1011,489,1.0,0.00013877062883693725,0.9513333439826965,0.3622135519981384,0.7014315128326416,2.221484422683716,1.0,0.0001333144900854677,2.221345652054879,170.0,0.0009940284071490169,1,1e-06,1e-06,AMD Ryzen 7 7700X 8-Core Processor,219.9
NODE,0,spheres,8,100,0.3333,1016,487,1.0,2.253963793918956e-05,0.9106666445732117,1.3862111568450928,0.4558521509170532,8.511516571044922,0.9988061785697937,0.005382003728300333,8.511494031406983,170.0,0.000882645312231034,1,1e-06,1e-06,AMD Ryzen 7 7700X 8-Core Processor,245.0
ANODE-p1,1,spheres,1,100,0.3333,1002,507,1.0,6.168573349896178e-07,0.984333336353302,0.093141570687294,0.9092702269554138,0.5415650606155396,0.9995988607406616,0.0019459448521956801,0.5415644437582046,164.0,0.0006374065997079015,1,1e-06,1e-06,AMD Ryzen 7 7700X 8-Core Processor,212.9
NODE,0,spheres,7,100,0.3333,1000,502,1.0,0.00011945165897486731,0.9990000128746033,0.002121186349540949,0.9980079531669617,0.005901159252971411,0.9991993308067322,0.001361560309305787,0.0057817075939965434,194.0,0.0011889535235241055,1,1e-06,1e-06,AMD Ryzen 7 7700X 8-Core Processor,331.7
NODE,0,spheres,4,100,0.3333,990,485,1.0,0.000819329870864749,0.9933333396911621,0.02436639741063118,0.9876288771629333,0.02749389037489891,0.9944334030151367,0.023763278499245644,0.02667456050403416,278.0,0.012192953377962112,0,1e-06,1e-06,AMD Ryzen 7 7700X 8-Core Processor,400.7
ANODE-p1,1,spheres,0,100,0.3333,991,465,1.0,5.677773273760067e-08,0.999666690826416,0.00029423172236420214,1.0,0.0,0.9996055364608765,0.00034820320433937013,-5.677773273760067e-08,206.0,0.0011818582424893975,1,1e-06,1e-06,AMD Ryzen 7 7700X 8-Core Processor,270.0
ANODE-p1,1,spheres,5,100,0.3333,1008,509,1.0,1.4553327218891354e-06,0.999666690826416,0.001105738221667707,1.0,0.0012000007554888725,0.9995985627174377,0.0010864773066714406,0.0011985454227669834,140.0,0.0004968448774889112,1,1e-06,1e-06,AMD Ryzen 7 7700X 8-Core Processor,197.7
ANODE-p1,1,spheres,2,100,0.3333,999,514,1.0,0.0,0.996666669845581,0.012685023248195648,0.9824903011322021,0.06449240446090698,0.9995977282524109,0.001973440870642662,0.06449240446090698,170.0,0.0005081682465970516,1,1e-06,1e-06,AMD Ryzen 7 7700X 8-Core Processor,233.1
ANODE-p1,1,spheres,3,100,0.3333,1011,468,1.0,8.273858043139626e-07,0.9856666922569275,0.05475462228059769,0.9081196784973145,0.35096460580825806,1.0,4.90451930090785e-06,0.35096377842245374,188.0,0.0005538273835554719,1,1e-06,1e-06,AMD Ryzen 7 7700X 8-Core Processor,264.8
ANODE-p1,1,spheres,4,100,0.3333,990,485,1.0,1.4124458402875462e-07,0.999666690826416,0.0007303743623197079,0.9979381561279297,0.003522429848089814,1.0,0.00019194617925677449,0.0035222886035057854,188.0,0.0005659253220073879,1,1e-06,1e-06,AMD Ryzen 7 7700X 8-Core Processor,265.2
ANODE-p1,1,spheres,7,100,0.3333,1000,502,1.0,7.855850725491109e-08,0.9973333477973938,0.005537142511457205,0.9840637445449829,0.03303423151373863,1.0,1.1307160093565471e-05,0.03303415295523138,146.0,0.0004708724736701697,1,1e-06,1e-06,AMD Ryzen 7 7700X 8-Core Processor,197.1
NODE,0,spheres,6,100,0.3333,1032,491,1.0,0.00045457822852768004,0.9629999995231628,0.28998392820358276,0.7739307284355164,1.7692490816116333,1.0,0.0004984017577953637,1.7687945033831056,242.0,0.0023305662907660007,1,1e-06,1e-06,AMD Ryzen 7 7700X 8-Core Processor,441.3
ANODE-p1,1,spheres,9,100,0.3333,1011,489,1.0,6.284719944460448e-08,0.9679999947547913,0.2036656141281128,0.8098159432411194,1.231728434562683,0.9988052845001221,0.0034574472811073065,1.2317283717154837,170.0,0.0006250671576708555,1,1e-06,1e-06,AMD Ryzen 7 7700X 8-Core Processor,235.7
ANODE-p1,1,spheres,6,100,0.3333,1032,491,1.0,9.386536135025381e-07,0.968666672706604,0.1850476861000061,0.8268839120864868,1.063610553741455,0.9964129328727722,0.01311690453439951,1.0636096150878416,200.0,0.0014382555382326245,1,1e-06,1e-06,AMD Ryzen 7 7700X 8-Core Processor,290.4
ANODE-p2,2,spheres,0,100,0.3333,991,465,1.0,1.2337258340266999e-05,1.0,1.1048419764847495e-05,1.0,9.034632057591807e-06,1.0,1.1417813766456675e-05,-3.3026262826751918e-06,170.0,0.0005199003499001265,1,1e-06,1e-06,AMD Ryzen 7 7700X 8-Core Processor,248.8
ANODE-p1,1,spheres,8,100,0.3333,1016,487,1.0,6.366400384649751e-07,0.9933333396911621,0.03324387967586517,0.9609856009483337,0.1888982653617859,0.9996020793914795,0.0030792641919106245,0.18889762872174742,212.0,0.000981097691692412,1,1e-06,1e-06,AMD Ryzen 7 7700X 8-Core Processor,290.7
ANODE-p2,2,spheres,2,100,0.3333,999,514,1.0,2.3409634195559192e-06,0.9993333220481873,0.0008431275491602719,0.9961089491844177,0.004909716546535492,1.0,2.3282946131075732e-06,0.004907375583115936,164.0,0.00036860399995930493,1,1e-06,1e-06,AMD Ryzen 7 7700X 8-Core Processor,231.4
ANODE-p2,2,spheres,1,100,0.3333,1002,507,1.0,7.478515726688784e-07,0.9610000252723694,0.2465599626302719,0.7731755375862122,1.4465327262878418,0.999197781085968,0.0025221637915819883,1.4465319784362691,194.0,0.003102072048932314,1,1e-06,1e-06,AMD Ryzen 7 7700X 8-Core Processor,282.6
ANODE-p2,2,spheres,5,100,0.3333,1008,509,1.0,6.628642381656391e-07,1.0,6.461689918069169e-05,1.0,3.032106178579852e-06,1.0,7.720086432527751e-05,2.369241940414213e-06,164.0,0.0004323025932535529,1,1e-06,1e-06,AMD Ryzen 7 7700X 8-Core Processor,232.2
ANODE-p2,2,spheres,7,100,0.3333,1000,502,1.0,1.6406595477747032e-06,1.0,0.00024858067627064884,1.0,0.0014765236992388964,1.0,1.8123178051610012e-06,0.0014748830396911217,128.0,0.0004647386376745999,1,1e-06,1e-06,AMD Ryzen 7 7700X 8-Core Processor,199.3
ANODE-p2,2,spheres,9,100,0.3333,1011,489,1.0,1.638968569750432e-07,1.0,1.3085096384202188e-07,1.0,3.169162710037199e-09,1.0,1.5571610845199757e-07,-1.60727694265006e-07,128.0,0.0004153542686253786,1,1e-06,1e-06,AMD Ryzen 7 7700X 8-Core Processor,193.1
ANODE-p2,2,spheres,3,100,0.3333,1011,468,1.0,1.3922954167355783e-06,1.0,1.958406073754304e-06,1.0,4.527600140136201e-06,1.0,1.4835313777439296e-06,3.1353047234006226e-06,194.0,0.0021756107453256845,1,1e-06,1e-06,AMD Ryzen 7 7700X 8-Core Processor,291.6
ANODE-p2,2,spheres,6,100,0.3333,1032,491,1.0,1.2213614354550373e-05,0.9900000095367432,0.04573513939976692,0.9450101852416992,0.2449195683002472,0.9988043308258057,0.006755647249519825,0.24490735468589264,188.0,0.0004322094318922609,1,1e-06,1e-06,AMD Ryzen 7 7700X 8-Core Processor,289.7
ANODE-p2,2,spheres,4,100,0.3333,990,485,1.0,7.463318070222158e-06,1.0,5.955708729743492e-06,1.0,1.7800231262299349e-06,1.0,6.760958967788611e-06,-5.683294943992223e-06,218.0,0.0052922628819942474,1,1e-06,1e-06,AMD Ryzen 7 7700X 8-Core Processor,322.3
ANODE-p3,3,spheres,0,100,0.3333,991,465,1.0,5.712622055398242e-07,1.0,7.508151043111866e-07,1.0,1.9327130758028943e-06,1.0,5.340172606338456e-07,1.36145087026307e-06,164.0,0.00030605599749833345,1,1e-06,1e-06,AMD Ryzen 7 7700X 8-Core Processor,240.5
ANODE-p2,2,spheres,8,100,0.3333,1016,487,1.0,4.787131615557882e-07,0.996999979019165,0.020798392593860626,0.987679660320282,0.08642099052667618,0.9988061785697937,0.008081239648163319,0.08642051181351462,194.0,0.0004332938988227397,1,1e-06,1e-06,AMD Ryzen 7 7700X 8-Core Processor,282.0
ANODE-p3,3,spheres,2,100,0.3333,999,514,1.0,2.7920217689825222e-05,0.9980000257492065,0.004373670089989901,0.9902724027633667,0.016324054449796677,0.9995977282524109,0.001902833697386086,0.01629613423210685,146.0,0.0004794491396751255,1,1e-06,1e-06,AMD Ryzen 7 7700X 8-Core Processor,226.4
ANODE-p3,3,spheres,4,100,0.3333,990,485,1.0,6.598645541089354e-08,0.9976666569709778,0.011750093661248684,0.9958763122558594,0.01931842602789402,0.9980119466781616,0.010290592908859253,0.01931836004143861,146.0,0.00042976485565304756,1,1e-06,1e-06,AMD Ryzen 7 7700X 8-Core Processor,211.7
ANODE-p3,3,spheres,5,100,0.3333,1008,509,1.0,2.6771963348437566e-06,0.996666669845581,0.008610278367996216,0.9823182821273804,0.04762401431798935,0.9995985627174377,0.0006383826839737594,0.047621337121654506,152.0,0.0005051963380537927,1,1e-06,1e-06,AMD Ryzen 7 7700X 8-Core Processor,214.0
ANODE-p3,3,spheres,1,100,0.3333,1002,507,1.0,6.543423136662341e-09,0.9923333525657654,0.044111087918281555,0.9585798978805542,0.24113214015960693,0.999197781085968,0.004043031949549913,0.2411321336161838,194.0,0.00031319799018092453,1,1e-06,1e-06,AMD Ryzen 7 7700X 8-Core Processor,281.7
ANODE-p3,3,spheres,3,100,0.3333,1011,468,1.0,5.703822353098076e-06,0.984000027179718,0.055348653346300125,0.8995726704597473,0.3521404564380646,0.9996050596237183,0.0004914074670523405,0.3521347526157115,170.0,0.001368926139548421,1,1e-06,1e-06,AMD Ryzen 7 7700X 8-Core Processor,257.6
ANODE-p3,3,spheres,7,100,0.3333,1000,502,1.0,1.252847596333595e-05,0.9773333072662354,0.08755697309970856,0.8725099563598633,0.5103991627693176,0.9983987212181091,0.0025822867173701525,0.5103866342933543,158.0,0.00042119662975892425,1,1e-06,1e-06,AMD Ryzen 7 7700X 8-Core Processor,230.3
ANODE-p3,3,spheres,6,100,0.3333,1032,491,1.0,1.0118816362592042e-07,1.0,5.26903178865723e-08,1.0,0.0,1.0,6.300157195937572e-08,-1.0118816362592042e-07,182.0,0.0003840606950689107,1,1e-06,1e-06,AMD Ryzen 7 7700X 8-Core Processor,281.7
ANODE-p5,5,spheres,2,100,0.3333,999,514,1.0,2.0751224383275257e-07,1.0,2.0607292583463277e-07,1.0,2.5813201887103787e-07,1.0,1.9530931183453504e-07,5.06197750382853e-08,128.0,0.0004838330496568233,1,1e-06,1e-06,AMD Ryzen 7 7700X 8-Core Processor,198.8
ANODE-p3,3,spheres,9,100,0.3333,1011,489,1.0,2.614612185425358e-06,1.0,1.4516720057144994e-06,1.0,4.618324055627454e-06,1.0,8.349881568392448e-07,2.003711870202096e-06,164.0,0.0004709432541858405,1,1e-06,1e-06,AMD Ryzen 7 7700X 8-Core Processor,249.0
ANODE-p5,5,spheres,3,100,0.3333,1011,468,1.0,1.4461850241787033e-06,0.9929999709129333,0.024219563230872154,0.9551281929016113,0.15506628155708313,1.0,3.462892709649168e-05,0.15506483537205895,140.0,0.00040928987436927855,1,1e-06,1e-06,AMD Ryzen 7 7700X 8-Core Processor,212.3
ANODE-p3,3,spheres,8,100,0.3333,1016,487,1.0,3.6660760542872595e-06,0.9950000047683716,0.015581737272441387,0.9815195202827454,0.06429006159305573,0.9976124167442322,0.006142441648989916,0.06428639551700144,188.0,0.0028282238636165857,1,1e-06,1e-06,AMD Ryzen 7 7700X 8-Core Processor,284.9
ANODE-p5,5,spheres,1,100,0.3333,1002,507,1.0,2.05244268727256e-05,0.9633333086967468,0.16317038238048553,0.8027613162994385,0.8873094320297241,0.9959887862205505,0.015902655199170113,0.8872889076028514,158.0,0.00039167964132502675,1,1e-06,1e-06,AMD Ryzen 7 7700X 8-Core Processor,238.6
ANODE-p5,5,spheres,0,100,0.3333,991,465,1.0,1.376634190819459e-05,1.0,1.0280270544171799e-05,1.0,1.7331552953692153e-05,1.0,8.986839020508341e-06,3.5652110454975627e-06,170.0,0.0006673118332400918,1,1e-06,1e-06,AMD Ryzen 7 7700X 8-Core Processor,272.8
ANODE-p5,5,spheres,4,100,0.3333,990,485,1.0,2.266268347739242e-05,0.9963333606719971,0.01069258339703083,0.9814432859420776,0.05417333170771599,0.9992047548294067,0.0023076289799064398,0.054150669024238596,152.0,0.0004591002070810646,1,1e-06,1e-06,AMD Ryzen 7 7700X 8-Core Processor,240.8
ANODE-p5,5,spheres,5,100,0.3333,1008,509,1.0,3.518865696605644e-06,0.984666645526886,0.07316836714744568,0.9096267223358154,0.4312182068824768,1.0,6.0256429605942685e-06,0.4312146880167802,140.0,0.0005448965821415186,1,1e-06,1e-06,AMD Ryzen 7 7700X 8-Core Processor,210.1
ANODE-p5,5,spheres,8,100,0.3333,1016,487,1.0,9.994306537919329e-07,0.9973333477973938,0.006193092558532953,0.9835729002952576,0.03766955807805061,1.0,9.31966133066453e-05,0.03766855864739682,152.0,0.0004760712035931647,1,1e-06,1e-06,AMD Ryzen 7 7700X 8-Core Processor,220.5
ANODE-p5,5,spheres,7,100,0.3333,1000,502,1.0,1.1862131259476882e-06,0.9879999756813049,0.055491119623184204,0.9302788972854614,0.324928879737854,0.9995996952056885,0.0013446889352053404,0.32492769352472806,152.0,0.000417655857745558,1,1e-06,1e-06,AMD Ryzen 7 7700X 8-Core Processor,247.1
ANODE-p5,5,spheres,9,100,0.3333,1011,489,1.0,0.00038097245851531625,0.9993333220481873,0.0016405490459874272,1.0,0.0005709180841222405,0.9992035031318665,0.0018488522619009018,0.0001899456256069243,152.0,0.0006177882314659655,1,1e-06,1e-06,AMD Ryzen 7 7700X 8-Core Processor,249.3
ANODE-p5,5,spheres,6,100,0.3333,1032,491,1.0,0.0006630338029935956,0.9993333220481873,0.001960307126864791,0.9979633688926697,0.007039939984679222,0.999601423740387,0.0009662457159720361,0.0063769061816856265,158.0,0.0014385461108759046,1,1e-06,1e-06,AMD Ryzen 7 7700X 8-Core Processor,289.5
NODE,0,circles,6,100,0.125,945,162,1.0,8.78319679031847e-06,0.9803333282470703,0.3609800934791565,0.6358024477958679,6.679508686065674,1.0,0.0003029863873962313,6.6794999028688835,194.0,0.0007933509768918157,1,1e-06,1e-06,AMD Ryzen 7 7700X 8-Core Processor,237.3
NODE,0,circles,4,100,0.125,950,185,1.0,2.269819742650725e-05,0.984333336353302,0.1805993616580963,0.7675675749778748,2.900203227996826,0.9985790252685547,0.0018687573028728366,2.9001805297993997,200.0,0.0005811576847918332,1,1e-06,1e-06,AMD Ryzen 7 7700X 8-Core Processor,251.1
NODE,0,circles,1,100,0.125,941,206,1.0,0.00019661812984850258,0.9986666440963745,0.011201925575733185,1.0,0.00016752207011450082,0.9985683560371399,0.01201548706740141,-2.9096059734001756e-05,182.0,0.0016736026154831052,1,1e-06,1e-06,AMD Ryzen 7 7700X 8-Core Processor,307.6
NODE,0,circles,3,100,0.125,936,184,1.0,0.00030197511659935117,0.9956666827201843,0.025168878957629204,0.9728260636329651,0.10978136956691742,0.9971590638160706,0.019640222191810608,0.10947939445031807,170.0,0.0008177906274795532,1,1e-06,1e-06,AMD Ryzen 7 7700X 8-Core Processor,305.7
NODE,0,circles,5,100,0.125,927,201,1.0,5.065571895102039e-05,0.9733333587646484,0.3479169011116028,0.6019900441169739,5.19155216217041,1.0,8.883962436811998e-05,5.191501506451459,194.0,0.001028507249429822,1,1e-06,1e-06,AMD Ryzen 7 7700X 8-Core Processor,284.9
ANODE-p1,1,circles,0,100,0.125,948,176,1.0,2.06226999921455e-08,0.9993333220481873,0.0023230956867337227,1.0,6.773254401792883e-09,0.9992917776107788,0.0024678772315382957,-1.3849445590352616e-08,140.0,0.0006834367522969842,1,1e-06,1e-06,AMD Ryzen 7 7700X 8-Core Processor,182.8
ANODE-p1,1,circles,1,100,0.125,941,206,1.0,7.892372622109178e-08,1.0,0.00011055146023863927,1.0,0.0,1.0,0.00011870235175592825,-7.892372622109178e-08,134.0,0.00033131579402834177,1,1e-06,1e-06,AMD Ryzen 7 7700X 8-Core Processor,183.2
NODE,0,circles,7,100,0.125,942,179,1.0,1.3998143003846053e-05,0.9769999980926514,0.37401482462882996,0.6256983280181885,6.238753795623779,0.9992910027503967,0.0018814651994034648,6.2387397974807755,230.0,0.0008703030762262642,1,1e-06,1e-06,AMD Ryzen 7 7700X 8-Core Processor,299.0
NODE,0,circles,0,100,0.125,948,176,1.0,0.0009571468690410256,0.9980000257492065,0.00696905143558979,1.0,0.0015928727807477117,0.9978753328323364,0.007304109632968903,0.000635725911706686,182.0,0.0010788242798298597,1,1e-06,1e-06,AMD Ryzen 7 7700X 8-Core Processor,399.5
ANODE-p1,1,circles,2,100,0.125,948,208,1.0,6.488582471320115e-08,1.0,3.1212042017614294e-07,1.0,2.9246027679619147e-06,1.0,1.1749420991691295e-07,2.8597169432487135e-06,140.0,0.0004841010377276689,1,1e-06,1e-06,AMD Ryzen 7 7700X 8-Core Processor,181.7
NODE,0,circles,2,100,0.125,948,208,1.0,0.0006301847752183676,0.9993333220481873,0.005590802524238825,1.0,0.000863446039147675,0.9992836713790894,0.005942984018474817,0.00023326126392930746,158.0,0.0018869568593800068,1,1e-06,1e-06,AMD Ryzen 7 7700X 8-Core Processor,374.9
ANODE-p1,1,circles,3,100,0.125,936,184,1.0,8.995455573312938e-06,0.999666690826416,0.0002823678369168192,0.9945651888847351,0.0044661168940365314,1.0,8.997893928608391e-06,0.0044571214384632185,146.0,0.0004867295501753688,1,1e-06,1e-06,AMD Ryzen 7 7700X 8-Core Processor,197.4
NODE,0,circles,8,100,0.125,935,168,1.0,0.0008066568407230079,0.9986666440963745,0.006471221800893545,1.0,0.0011149102356284857,0.9985875487327576,0.006788969039916992,0.00030825339490547776,164.0,0.0015743487747386098,1,1e-06,1e-06,AMD Ryzen 7 7700X 8-Core Processor,314.4
ANODE-p1,1,circles,4,100,0.125,950,185,1.0,1.0582001550574205e-06,0.9976666569709778,0.010331530123949051,0.9945945739746094,0.01144324615597725,0.997868537902832,0.010258467867970467,0.011442187955822192,170.0,0.0003565013175830245,1,1e-06,1e-06,AMD Ryzen 7 7700X 8-Core Processor,217.5
ANODE-p1,1,circles,5,100,0.125,927,201,1.0,7.149984782017782e-08,0.9980000257492065,0.01046545710414648,0.9850746393203735,0.06324077397584915,0.9989281892776489,0.006675589829683304,0.06324070247600133,146.0,0.0002970410278066993,1,1e-06,1e-06,AMD Ryzen 7 7700X 8-Core Processor,216.6
ANODE-p1,1,circles,6,100,0.125,945,162,1.0,4.200691705591453e-08,1.0,6.949384783183632e-07,1.0,0.0,1.0,7.346072834479855e-07,-4.200691705591453e-08,146.0,0.00041789168608374894,1,1e-06,1e-06,AMD Ryzen 7 7700X 8-Core Processor,196.7
ANODE-p1,1,circles,8,100,0.125,935,168,1.0,7.783519890836033e-07,0.999666690826416,0.007070315536111593,1.0,1.348846240034618e-06,0.9996469020843506,0.0074896616861224174,5.704942509510147e-07,152.0,0.00035192366340197623,1,1e-06,1e-06,AMD Ryzen 7 7700X 8-Core Processor,200.8
ANODE-p2,2,circles,1,100,0.125,941,206,1.0,2.8087988539482467e-06,1.0,2.862015662685735e-06,1.0,6.973157837819599e-07,1.0,3.0216174309316557e-06,-2.1114830701662868e-06,122.0,0.0004472123400773853,1,1e-06,1e-06,AMD Ryzen 7 7700X 8-Core Processor,173.8
ANODE-p2,2,circles,2,100,0.125,948,208,1.0,1.4712516538395448e-08,1.0,3.0486622563330457e-05,1.0,0.0,1.0,3.2757834560470656e-05,-1.4712516538395448e-08,128.0,0.00030915965908207,1,1e-06,1e-06,AMD Ryzen 7 7700X 8-Core Processor,183.0
ANODE-p1,1,circles,9,100,0.125,949,182,1.0,1.1386458027118351e-05,1.0,1.182828509627143e-05,1.0,8.346546565007884e-06,1.0,1.2053153113811277e-05,-3.0399114621104673e-06,158.0,0.00039690060657449067,1,1e-06,1e-06,AMD Ryzen 7 7700X 8-Core Processor,228.7
ANODE-p1,1,circles,7,100,0.125,942,179,1.0,8.897510269889608e-06,1.0,8.917260856833309e-06,1.0,3.7747197438875446e-06,1.0,9.2435693659354e-06,-5.122790526002063e-06,170.0,0.0005987816257402301,1,1e-06,1e-06,AMD Ryzen 7 7700X 8-Core Processor,240.3
ANODE-p2,2,circles,3,100,0.125,936,184,1.0,1.0774682834835403e-07,0.999666690826416,0.0016443533822894096,0.9945651888847351,0.026808394119143486,1.0,1.1184331327740438e-07,0.026808286372315138,176.0,0.00043804041342809796,1,1e-06,1e-06,AMD Ryzen 7 7700X 8-Core Processor,253.6
ANODE-p2,2,circles,0,100,0.125,948,176,1.0,1.0221767297480255e-05,0.999666690826416,0.0006893865065649152,1.0,4.774412445840426e-06,0.9996458888053894,0.0007320535369217396,-5.4473548516398296e-06,182.0,0.002100689336657524,1,1e-06,1e-06,AMD Ryzen 7 7700X 8-Core Processor,282.2
ANODE-p2,2,circles,4,100,0.125,950,185,1.0,1.0784778169181664e-05,1.0,9.900780241878238e-06,1.0,2.090346015393152e-06,1.0,1.0414077223686036e-05,-8.694432153788512e-06,182.0,0.00029557282687164843,1,1e-06,1e-06,AMD Ryzen 7 7700X 8-Core Processor,258.1
ANODE-p2,2,circles,5,100,0.125,927,201,1.0,0.00010210633627139032,0.9900000095367432,0.048833079636096954,0.9402984976768494,0.3393695652484894,0.9935691356658936,0.027969254180788994,0.339267458912218,200.0,0.00034038827288895845,1,1e-06,1e-06,AMD Ryzen 7 7700X 8-Core Processor,275.0
ANODE-p2,2,circles,8,100,0.125,935,168,1.0,2.3972538656380493e-06,1.0,5.632089596474543e-05,1.0,1.0679110573619255e-06,1.0,5.9598616644507274e-05,-1.3293428082761238e-06,128.0,0.00039101578295230865,1,1e-06,1e-06,AMD Ryzen 7 7700X 8-Core Processor,177.2
ANODE-p2,2,circles,6,100,0.125,945,162,1.0,3.166665010212455e-06,0.9993333220481873,0.0015293642645701766,1.0,7.652941036440097e-08,0.9992952942848206,0.0016166599234566092,-3.090135599848054e-06,206.0,0.002487317193299532,1,1e-06,1e-06,AMD Ryzen 7 7700X 8-Core Processor,300.4
ANODE-p3,3,circles,3,100,0.125,936,184,1.0,6.671105552413792e-07,0.9990000128746033,0.0027599968016147614,0.9836956262588501,0.04494365304708481,1.0,3.6773787996935425e-06,0.04494298593652957,128.0,0.00035236909752711654,1,1e-06,1e-06,AMD Ryzen 7 7700X 8-Core Processor,189.2
ANODE-p3,3,circles,1,100,0.125,941,206,1.0,2.2143853129819036e-05,0.9983333349227905,0.006881450768560171,0.9951456189155579,0.03129192069172859,0.9985683560371399,0.005081680603325367,0.03126977683859877,176.0,0.00023999929544515908,1,1e-06,1e-06,AMD Ryzen 7 7700X 8-Core Processor,232.1
ANODE-p3,3,circles,4,100,0.125,950,185,1.0,1.7177650079247542e-05,1.0,2.6595585950417444e-05,1.0,1.0718956218624953e-05,1.0,2.7638989195111208e-05,-6.4586938606225885e-06,140.0,0.0004165353311691433,1,1e-06,1e-06,AMD Ryzen 7 7700X 8-Core Processor,200.9
ANODE-p2,2,circles,7,100,0.125,942,179,1.0,4.593095582094975e-05,0.9993333220481873,0.0018507589120417833,1.0,9.24814521567896e-05,0.9992910027503967,0.001962326467037201,4.655049633583985e-05,194.0,0.00036735396133735776,1,1e-06,1e-06,AMD Ryzen 7 7700X 8-Core Processor,272.8
ANODE-p3,3,circles,0,100,0.125,948,176,1.0,9.341008262708783e-05,0.999666690826416,0.0005744179943576455,1.0,0.00014982886204961687,0.9996458888053894,0.0006008796044625342,5.641877942252904e-05,152.0,0.00032352827838622034,1,1e-06,1e-06,AMD Ryzen 7 7700X 8-Core Processor,248.5
ANODE-p3,3,circles,2,100,0.125,948,208,1.0,7.650807674508542e-06,0.9990000128746033,0.004057762678712606,1.0,0.0017164660384878516,0.998925507068634,0.004232186358422041,0.001708815230813343,164.0,0.00025151707814075053,1,1e-06,1e-06,AMD Ryzen 7 7700X 8-Core Processor,244.3
ANODE-p2,2,circles,9,100,0.125,949,182,1.0,3.218985875719227e-05,0.9986666440963745,0.006345080677419901,1.0,6.676326393062482e-06,0.9985805749893188,0.006754445377737284,-2.5513532364129787e-05,230.0,0.0006942187901586294,1,1e-06,1e-06,AMD Ryzen 7 7700X 8-Core Processor,301.8
ANODE-p3,3,circles,7,100,0.125,942,179,1.0,3.4082288493664237e-06,0.999666690826416,0.0008806520490907133,1.0,4.919459115626523e-06,0.9996455311775208,0.0009362195851281285,1.5112302662600996e-06,122.0,0.0003786897286772728,1,1e-06,1e-06,AMD Ryzen 7 7700X 8-Core Processor,178.7
ANODE-p3,3,circles,9,100,0.125,949,182,1.0,5.588961357716471e-05,1.0,5.061452611698769e-05,1.0,2.847556424967479e-05,1.0,5.204437184147537e-05,-2.741404932748992e-05,122.0,0.00033361828536726534,1,1e-06,1e-06,AMD Ryzen 7 7700X 8-Core Processor,178.6
ANODE-p3,3,circles,5,100,0.125,927,201,1.0,0.00037028826773166656,1.0,0.0005484774592332542,1.0,0.00044712654198519886,1.0,0.0005557555123232305,7.683827425353229e-05,128.0,0.00048268804675899446,1,1e-06,1e-06,AMD Ryzen 7 7700X 8-Core Processor,237.1
ANODE-p3,3,circles,8,100,0.125,935,168,1.0,1.8078962682466226e-07,0.9993333220481873,0.0022873568814247847,1.0,1.483019502757088e-07,0.9992938041687012,0.00242303847335279,-3.248767654895346e-08,140.0,0.00026297723525203764,1,1e-06,1e-06,AMD Ryzen 7 7700X 8-Core Processor,201.4
NODE,0,circles,9,100,0.125,949,182,1.0,0.007928497157990932,0.9916666746139526,0.05300184711813927,0.8736263513565063,0.6888217926025391,0.9992902874946594,0.011937539093196392,0.6808932954445481,320.0,0.002982193371281028,1,1e-06,1e-06,AMD Ryzen 7 7700X 8-Core Processor,822.6
ANODE-p5,5,circles,0,100,0.125,948,176,1.0,4.229990372550674e-05,1.0,0.00021867142640985548,1.0,9.469420183449984e-05,1.0,0.0002263980422867462,5.23942981089931e-05,140.0,0.00039909061160869896,1,1e-06,1e-06,AMD Ryzen 7 7700X 8-Core Processor,216.6
ANODE-p3,3,circles,6,100,0.125,945,162,1.0,0.0006385493907146156,0.9990000128746033,0.0030926179606467485,1.0,0.00016563193639740348,0.9989429116249084,0.00325969816185534,-0.0004729174543172121,176.0,0.0006990638212300837,1,1e-06,1e-06,AMD Ryzen 7 7700X 8-Core Processor,300.6
ANODE-p5,5,circles,5,100,0.125,927,201,1.0,1.9468418486212613e-06,1.0,2.873169069061987e-05,1.0,1.723355239846569e-06,1.0,3.067119905608706e-05,-2.2348660877469229e-07,116.0,0.0005660265451297164,1,1e-06,1e-06,AMD Ryzen 7 7700X 8-Core Processor,203.3
ANODE-p5,5,circles,4,100,0.125,950,185,1.0,1.5278988030331675e-06,1.0,2.0385363313835114e-05,1.0,2.7836915705847787e-07,1.0,2.170678271795623e-05,-1.2495296459746896e-06,146.0,0.00026584244915284216,1,1e-06,1e-06,AMD Ryzen 7 7700X 8-Core Processor,207.2
ANODE-p5,5,circles,1,100,0.125,941,206,1.0,5.067344321929568e-10,0.9993333220481873,0.01592925190925598,1.0,0.0,0.9992842078208923,0.017103705555200577,-5.067344321929568e-10,152.0,0.0004861730267293751,1,1e-06,1e-06,AMD Ryzen 7 7700X 8-Core Processor,227.0
ANODE-p5,5,circles,8,100,0.125,935,168,1.0,1.4887644283589907e-05,0.999666690826416,0.0009350082254968584,1.0,5.851857167726848e-06,0.9996469020843506,0.00099012756254524,-9.035787115863059e-06,122.0,0.0002511091879568994,1,1e-06,1e-06,AMD Ryzen 7 7700X 8-Core Processor,176.2
ANODE-p5,5,circles,3,100,0.125,936,184,1.0,4.584971513565961e-09,1.0,1.871574895062622e-08,1.0,1.1661775545235287e-08,1.0,1.9176660259745404e-08,7.076804031669326e-09,164.0,0.0004940290236845613,1,1e-06,1e-06,AMD Ryzen 7 7700X 8-Core Processor,239.7
ANODE-p5,5,circles,6,100,0.125,945,162,1.0,7.590270456603321e-07,0.9986666440963745,0.005605778191238642,0.9938271641731262,0.03395494818687439,0.9989429116249084,0.003987538628280163,0.03395418915982873,152.0,0.00029699321021325886,1,1e-06,1e-06,AMD Ryzen 7 7700X 8-Core Processor,217.1
ANODE-p5,5,circles,9,100,0.125,949,182,1.0,3.269313765486004e-06,0.999666690826416,0.000799378496594727,1.0,1.626351149752736e-06,0.9996451139450073,0.0008509012986905873,-1.6429626157332677e-06,110.0,0.0004512386512942612,1,1e-06,1e-06,AMD Ryzen 7 7700X 8-Core Processor,163.6
ANODE-p5,5,circles,7,100,0.125,942,179,1.0,0.00022472036653198302,0.9936666488647461,0.03188730776309967,0.9217877388000488,0.42673224210739136,0.998227596282959,0.006833335850387812,0.4265075217408594,146.0,0.00037535408046096563,1,1e-06,1e-06,AMD Ryzen 7 7700X 8-Core Processor,225.4
ANODE-p5,5,circles,2,100,0.125,948,208,1.0,1.7791886421036907e-05,0.999666690826416,0.00043378781992942095,1.0,1.691076613496989e-05,0.9996418356895447,0.0004648445756174624,-8.811202860670164e-07,200.0,0.0005347522092051804,1,1e-06,1e-06,AMD Ryzen 7 7700X 8-Core Processor,283.1
NODE,0,circles,0,100,0.2,910,283,1.0,0.00024020546698011458,0.9983333349227905,0.007099892478436232,1.0,0.0004581881803460419,0.9981597065925598,0.007791686337441206,0.00021798271336592734,164.0,0.000667862594127655,1,1e-06,1e-06,AMD Ryzen 7 7700X 8-Core Processor,312.4
NODE,0,circles,4,100,0.2,908,291,1.0,0.00027717422926798463,0.9806666374206543,0.1360812932252884,0.80756014585495,1.3774276971817017,0.999261736869812,0.0027362455148249865,1.3771505229524337,176.0,0.0007871757843531668,1,1e-06,1e-06,AMD Ryzen 7 7700X 8-Core Processor,251.6
ANODE-p1,1,circles,0,100,0.2,910,283,1.0,3.7727733825931864e-08,0.999666690826416,0.002420637523755431,1.0,7.021874921520066e-07,0.999631941318512,0.0026726957876235247,6.644597583260747e-07,134.0,0.0003820222045760602,1,1e-06,1e-06,AMD Ryzen 7 7700X 8-Core Processor,188.6
NODE,0,circles,6,100,0.2,910,274,1.0,1.3006631888856646e-05,0.968666672706604,0.5498940348625183,0.6569343209266663,6.019524574279785,1.0,0.00012186719686724246,6.019511567647896,182.0,0.0007153236656449735,1,1e-06,1e-06,AMD Ryzen 7 7700X 8-Core Processor,233.8
ANODE-p1,1,circles,1,100,0.2,910,322,1.0,1.0938406092009245e-07,0.999666690826416,0.00031081121414899826,1.0,1.3697960099534612e-08,0.9996265769004822,0.0003481811727397144,-9.568610082055784e-08,134.0,0.00033055897802114487,1,1e-06,1e-06,AMD Ryzen 7 7700X 8-Core Processor,196.0
NODE,0,circles,5,100,0.2,890,310,1.0,0.0007462737266905606,0.9636666774749756,0.24453596770763397,0.64838707447052,2.3552794456481934,1.0,0.0012904262403026223,2.354533171921503,158.0,0.0008423259714618325,1,1e-06,1e-06,AMD Ryzen 7 7700X 8-Core Processor,250.3
ANODE-p1,1,circles,2,100,0.2,920,320,1.0,8.29279613867584e-08,1.0,1.6768470914030331e-06,1.0,1.4568230653821956e-05,1.0,1.3757741612607788e-07,1.4485302692435198e-05,140.0,0.00037570379208773375,1,1e-06,1e-06,AMD Ryzen 7 7700X 8-Core Processor,199.3
ANODE-p1,1,circles,3,100,0.2,896,274,1.0,1.5016823908808874e-06,0.9883333444595337,0.044435154646635056,0.8905109763145447,0.4032111167907715,0.9981657862663269,0.00837329588830471,0.4032096151083806,188.0,0.00036279973573982716,1,1e-06,1e-06,AMD Ryzen 7 7700X 8-Core Processor,251.6
NODE,0,circles,7,100,0.2,896,291,1.0,7.693598490732256e-06,0.9639999866485596,0.7249423265457153,0.6357388496398926,5.796731472015381,0.999261736869812,0.18013222515583038,5.79672377841689,260.0,0.0032279423903673887,1,1e-06,1e-06,AMD Ryzen 7 7700X 8-Core Processor,325.3
NODE,0,circles,9,100,0.2,916,285,1.0,0.00237385556101799,0.9976666569709778,0.010542614385485649,0.9894737005233765,0.01882990263402462,0.9985266923904419,0.009672677144408226,0.01645604707300663,158.0,0.0008035112987272441,1,1e-06,1e-06,AMD Ryzen 7 7700X 8-Core Processor,340.2
ANODE-p1,1,circles,4,100,0.2,908,291,1.0,1.47527373428602e-06,0.9983333349227905,0.004911414813250303,0.9828178882598877,0.0493062324821949,1.0,0.00014253654808271676,0.049304757208460614,158.0,0.000344271888025105,1,1e-06,1e-06,AMD Ryzen 7 7700X 8-Core Processor,231.5
ANODE-p1,1,circles,6,100,0.2,910,274,1.0,1.3852982192474883e-06,1.0,3.993229984189384e-05,1.0,4.524704166897209e-08,1.0,4.394148709252477e-05,-1.3400511775785162e-06,140.0,0.0003796011151280254,1,1e-06,1e-06,AMD Ryzen 7 7700X 8-Core Processor,217.7
ANODE-p1,1,circles,5,100,0.2,890,310,1.0,2.5446885047131218e-05,0.9866666793823242,0.04038126766681671,0.8709677457809448,0.39045828580856323,1.0,3.782477506319992e-05,0.3904328389235161,170.0,0.0003785727603826672,1,1e-06,1e-06,AMD Ryzen 7 7700X 8-Core Processor,239.9
ANODE-p1,1,circles,8,100,0.2,900,293,1.0,9.01987505130819e-07,0.9993333220481873,0.0010804827325046062,0.9931740760803223,0.011054531671106815,1.0,9.125283213506918e-07,0.011053629683601685,152.0,0.0003600349009502679,1,1e-06,1e-06,AMD Ryzen 7 7700X 8-Core Processor,228.3
ANODE-p1,1,circles,7,100,0.2,896,291,1.0,2.0299396055634134e-05,0.9990000128746033,0.00334008876234293,0.993127167224884,0.025586357340216637,0.999630868434906,0.0009504000772722065,0.025566057944161003,176.0,0.0005864790291525424,1,1e-06,1e-06,AMD Ryzen 7 7700X 8-Core Processor,245.6
NODE,0,circles,3,100,0.2,896,274,0.9910714030265808,0.05129776522517204,0.9473333358764648,0.26990586519241333,0.5328466892242432,2.3732247352600098,0.988994836807251,0.05849380046129227,2.3219269700348377,230.0,0.0014378409832715988,1,1e-06,1e-06,AMD Ryzen 7 7700X 8-Core Processor,540.8
ANODE-p1,1,circles,9,100,0.2,916,285,1.0,3.886351350956829e-06,0.9990000128746033,0.0043732523918151855,0.9894737005233765,0.04598773643374443,1.0,4.880744199908804e-06,0.045983850082393474,164.0,0.0004013905709143728,1,1e-06,1e-06,AMD Ryzen 7 7700X 8-Core Processor,241.8
ANODE-p2,2,circles,1,100,0.2,910,322,1.0,1.0385442692495417e-06,1.0,9.066488360076619e-07,1.0,0.0,1.0,1.0156632015423384e-06,-1.0385442692495417e-06,128.0,0.00040892435936257243,1,1e-06,1e-06,AMD Ryzen 7 7700X 8-Core Processor,193.7
ANODE-p2,2,circles,2,100,0.2,920,320,1.0,3.122764624663432e-08,0.9983333349227905,0.005934358574450016,1.0,4.433094957789763e-08,0.9981343150138855,0.006642933934926987,1.3103303331263305e-08,140.0,0.00027946216869167984,1,1e-06,1e-06,AMD Ryzen 7 7700X 8-Core Processor,219.2
ANODE-p2,2,circles,0,100,0.2,910,283,1.0,2.3579858066113957e-09,0.999666690826416,0.0005381078808568418,0.9964664578437805,0.005704088602215052,1.0,2.448187785830669e-08,0.005704086244229245,200.0,0.0005884102429263294,1,1e-06,1e-06,AMD Ryzen 7 7700X 8-Core Processor,292.6
NODE,0,circles,8,100,0.2,900,293,1.0,0.005056471098214388,0.999666690826416,0.005184962879866362,1.0,0.004608051851391792,0.9996305704116821,0.00524740619584918,-0.0004484192468225956,206.0,0.0018374822102487087,1,1e-06,1e-06,AMD Ryzen 7 7700X 8-Core Processor,541.6
ANODE-p2,2,circles,3,100,0.2,896,274,1.0,3.56943155566114e-06,0.9953333139419556,0.016059933230280876,0.9525547623634338,0.1681913435459137,0.9996331334114075,0.0007686599856242537,0.16818777411435804,152.0,0.0003483603068161756,1,1e-06,1e-06,AMD Ryzen 7 7700X 8-Core Processor,223.7
NODE,0,circles,2,100,0.2,920,320,0.998913049697876,0.018955247476696968,0.996666669845581,0.020061178132891655,1.0,0.010049179196357727,0.996268630027771,0.021256642416119576,-0.008906068280339241,212.0,0.001256398856639862,1,1e-06,1e-06,AMD Ryzen 7 7700X 8-Core Processor,683.6
ANODE-p2,2,circles,4,100,0.2,908,291,1.0,4.239644567860523e-06,1.0,1.2995728866371792e-05,1.0,2.9449852263496723e-06,1.0,1.4075376384425908e-05,-1.294659341510851e-06,146.0,0.0002643203770276159,1,1e-06,1e-06,AMD Ryzen 7 7700X 8-Core Processor,218.7
ANODE-p2,2,circles,8,100,0.2,900,293,1.0,1.640417053749843e-06,1.0,1.7401519016857492e-06,1.0,1.7417401068087202e-06,1.0,1.739980007187114e-06,1.0132305305887712e-07,146.0,0.00024005632440093905,1,1e-06,1e-06,AMD Ryzen 7 7700X 8-Core Processor,208.5
ANODE-p2,2,circles,5,100,0.2,890,310,1.0,3.6164586880715888e-09,0.999666690826416,0.0011755682062357664,1.0,3.845460616602736e-10,0.9996282458305359,0.0013110426953062415,-3.231912626411315e-09,194.0,0.0015113591216504574,1,1e-06,1e-06,AMD Ryzen 7 7700X 8-Core Processor,271.8
ANODE-p3,3,circles,3,100,0.2,896,274,1.0,1.2383434295770712e-05,0.9990000128746033,0.002145049860700965,0.9927007555961609,0.014550209045410156,0.9996331334114075,0.0008981626597233117,0.014537825611114386,128.0,0.0003333132772240788,1,1e-06,1e-06,AMD Ryzen 7 7700X 8-Core Processor,183.4
ANODE-p3,3,circles,0,100,0.2,910,283,1.0,9.844681699178182e-06,0.9990000128746033,0.0036939410492777824,1.0,2.0366333046695217e-05,0.9988958239555359,0.004076576326042414,1.0521651347517036e-05,152.0,0.001168887596577406,1,1e-06,1e-06,AMD Ryzen 7 7700X 8-Core Processor,261.0
ANODE-p3,3,circles,1,100,0.2,910,322,1.0,6.170022004425846e-08,1.0,2.4044871679507196e-05,1.0,0.0,1.0,2.6936002541333437e-05,-6.170022004425846e-08,164.0,0.00031075061997398734,1,1e-06,1e-06,AMD Ryzen 7 7700X 8-Core Processor,243.2
ANODE-p2,2,circles,7,100,0.2,896,291,1.0,0.002097527962177992,0.9990000128746033,0.0037830648943781853,0.993127167224884,0.010121944360435009,0.999630868434906,0.0031021444592624903,0.008024416398257017,194.0,0.0006018836284056306,1,1e-06,1e-06,AMD Ryzen 7 7700X 8-Core Processor,286.8
ANODE-p2,2,circles,6,100,0.2,910,274,1.0,0.0,0.999666690826416,0.0017090223263949156,1.0,0.0,0.9996331334114075,0.0018808023305609822,0.0,224.0,0.0017955354414880276,1,1e-06,1e-06,AMD Ryzen 7 7700X 8-Core Processor,316.9
ANODE-p2,2,circles,9,100,0.2,916,285,1.0,0.00016076989413704723,0.9856666922569275,0.058872852474451065,0.859649121761322,0.5714060664176941,0.9988950490951538,0.005071032326668501,0.571245296523557,176.0,0.00043042292236350477,1,1e-06,1e-06,AMD Ryzen 7 7700X 8-Core Processor,283.3
ANODE-p3,3,circles,4,100,0.2,908,291,1.0,1.0340561857447028e-05,0.999666690826416,0.0003275220515206456,1.0,1.1496394108689856e-05,0.999630868434906,0.0003614694287534803,1.1558322512428276e-06,146.0,0.00035486643901094794,1,1e-06,1e-06,AMD Ryzen 7 7700X 8-Core Processor,213.0
ANODE-p3,3,circles,2,100,0.2,920,320,1.0,2.5324678063043393e-05,0.999666690826416,0.0005499624530784786,1.0,0.0016312722582370043,0.999626874923706,0.00042085081804543734,0.0016059475801739609,140.0,0.0003194923046976328,1,1e-06,1e-06,AMD Ryzen 7 7700X 8-Core Processor,240.9
ANODE-p3,3,circles,5,100,0.2,890,310,1.0,3.487139110802673e-05,1.0,3.923140320694074e-05,1.0,6.374708755174652e-05,1.0,3.6406174331204966e-05,2.887569644371979e-05,152.0,0.0004411038535181433,1,1e-06,1e-06,AMD Ryzen 7 7700X 8-Core Processor,210.6
ANODE-p3,3,circles,7,100,0.2,896,291,1.0,1.7203648212671396e-06,0.999666690826416,0.0008719086763449013,1.0,3.9391602513205726e-06,0.999630868434906,0.0009651457075960934,2.218795430053433e-06,116.0,0.00026155286468565464,1,1e-06,1e-06,AMD Ryzen 7 7700X 8-Core Processor,159.6
ANODE-p3,3,circles,8,100,0.2,900,293,1.0,4.145793752741156e-07,1.0,4.166736289334949e-07,1.0,1.5745381176657247e-07,1.0,4.4473102889242e-07,-2.571255635075431e-07,140.0,0.0002616232668515295,1,1e-06,1e-06,AMD Ryzen 7 7700X 8-Core Processor,177.0
ANODE-p3,3,circles,9,100,0.2,916,285,1.0,1.2532585458302492e-07,0.9973333477973938,0.017977388575673103,0.9894737005233765,0.045867640525102615,0.9981583952903748,0.015049680136144161,0.04586751519924803,140.0,0.00024774373741820455,1,1e-06,1e-06,AMD Ryzen 7 7700X 8-Core Processor,190.9
NODE,0,circles,1,100,0.2,910,322,1.0,0.009486698545515537,0.9793333411216736,0.08367442339658737,0.8167701959609985,0.6721460819244385,0.9988797903060913,0.012917187064886093,0.6626593833789229,296.0,0.004126192536205053,1,1e-06,1e-06,AMD Ryzen 7 7700X 8-Core Processor,1010.9
ANODE-p3,3,circles,6,100,0.2,910,274,1.0,0.0008445948478765786,0.9953333139419556,0.016716282814741135,0.9963503479957581,0.019391655921936035,0.9952310919761658,0.016447369009256363,0.018547061074059457,200.0,0.00047210644697770476,1,1e-06,1e-06,AMD Ryzen 7 7700X 8-Core Processor,288.7
ANODE-p5,5,circles,1,100,0.2,910,322,1.0,7.224492946988903e-06,1.0,2.5350158466608264e-05,1.0,8.585601608501747e-05,1.0,1.807499756978359e-05,7.863152313802857e-05,110.0,0.00048752553993836045,1,1e-06,1e-06,AMD Ryzen 7 7700X 8-Core Processor,168.7
ANODE-p5,5,circles,3,100,0.2,896,274,1.0,2.5796515501497197e-07,0.9993333220481873,0.0043192338198423386,0.9927007555961609,0.047287438064813614,1.0,3.4590976838444476e-07,0.0472871800996586,128.0,0.0003411762590985745,1,1e-06,1e-06,AMD Ryzen 7 7700X 8-Core Processor,173.7
ANODE-p5,5,circles,0,100,0.2,910,283,1.0,3.5375940115045523e-06,0.999666690826416,0.0007999406079761684,1.0,1.5543979316134937e-05,0.999631941318512,0.0008816423360258341,1.2006385304630385e-05,140.0,0.0004488537088036537,1,1e-06,1e-06,AMD Ryzen 7 7700X 8-Core Processor,210.4
ANODE-p5,5,circles,4,100,0.2,908,291,1.0,3.400870127734379e-06,0.9993333220481873,0.0026399947237223387,1.0,7.62500349082984e-06,0.999261736869812,0.002922763116657734,4.224133363095461e-06,140.0,0.00027766526909545064,1,1e-06,1e-06,AMD Ryzen 7 7700X 8-Core Processor,198.2
ANODE-p5,5,circles,5,100,0.2,890,310,1.0,4.018289700979949e-09,0.996666669845581,0.03926759958267212,0.9677419066429138,0.38000860810279846,1.0,4.81687969511313e-08,0.38000860408450876,152.0,0.00027509770006872714,1,1e-06,1e-06,AMD Ryzen 7 7700X 8-Core Processor,194.3
ANODE-p5,5,circles,9,100,0.2,916,285,1.0,7.308692602236988e-07,0.999666690826416,0.00045076009701006114,0.9964912533760071,0.004738778807222843,1.0,6.365660851770372e-07,0.0047380479379626195,122.0,0.000372302602045238,1,1e-06,1e-06,AMD Ryzen 7 7700X 8-Core Processor,167.6
ANODE-p5,5,circles,6,100,0.2,910,274,1.0,0.0002462100237607956,0.9993333220481873,0.0010791748063638806,1.0,0.00032132922206074,0.9992663264274597,0.0011553483782336116,7.51191982999444e-05,128.0,0.00024083026801235974,1,1e-06,1e-06,AMD Ryzen 7 7700X 8-Core Processor,200.4
ANODE-p5,5,circles,8,100,0.2,900,293,1.0,1.4155923054204322e-05,0.9990000128746033,0.002040593419224024,0.9931740760803223,0.011643756181001663,0.9996305704116821,0.0010011672275140882,0.011629600257947459,128.0,0.00027160003082826734,1,1e-06,1e-06,AMD Ryzen 7 7700X 8-Core Processor,181.0
ANODE-p5,5,circles,2,100,0.2,920,320,1.0,0.0003424208262003958,0.9909999966621399,0.029663003981113434,0.925000011920929,0.23008427023887634,0.9988806247711182,0.005732099525630474,0.22974184941267595,146.0,0.00036907821777276695,1,1e-06,1e-06,AMD Ryzen 7 7700X 8-Core Processor,232.4
ANODE-p5,5,circles,7,100,0.2,896,291,1.0,7.330744722366944e-08,0.9993333220481873,0.0034950198605656624,1.0,6.595377044504858e-08,0.999261736869812,0.0038704469334334135,-7.353676778620866e-09,152.0,0.00037679332308471203,1,1e-06,1e-06,AMD Ryzen 7 7700X 8-Core Processor,214.6
NODE,0,circles,4,100,0.3333,842,507,1.0,3.7449492538144113e-06,0.9330000281333923,1.2854348421096802,0.6035503149032593,7.605891227722168,1.0,4.735280163004063e-05,7.605887482772914,182.0,0.0003949231468141079,1,1e-06,1e-06,AMD Ryzen 7 7700X 8-Core Processor,205.8
NODE,0,circles,5,100,0.3333,829,506,1.0,4.6473323891405016e-05,0.9363333582878113,0.8618566989898682,0.6225296258926392,5.109385967254639,1.0,8.831319428281859e-05,5.109339493930747,170.0,0.000861752952914685,1,1e-06,1e-06,AMD Ryzen 7 7700X 8-Core Processor,206.4
ANODE-p1,1,circles,0,100,0.3333,855,497,1.0,9.899250308365026e-09,0.999666690826416,0.0016509772976860404,1.0,3.2810433481245127e-07,0.9996004700660706,0.0019787331111729145,3.1820508450408624e-07,134.0,0.0004986455314792693,1,1e-06,1e-06,AMD Ryzen 7 7700X 8-Core Processor,169.4
NODE,0,circles,6,100,0.3333,842,510,1.0,1.2479938050091732e-05,0.9326666593551636,1.13844633102417,0.6117647290229797,6.543221473693848,0.9983935952186584,0.031444329768419266,6.543208993755798,170.0,0.0005591031513176858,1,1e-06,1e-06,AMD Ryzen 7 7700X 8-Core Processor,207.3
ANODE-p1,1,circles,2,100,0.3333,844,516,1.0,4.920850074086047e-07,1.0,1.8081180314766243e-05,1.0,0.0001008454491966404,1.0,8.886005957720045e-07,0.0001003533641892318,140.0,0.00035000391653738916,1,1e-06,1e-06,AMD Ryzen 7 7700X 8-Core Processor,177.8
ANODE-p1,1,circles,1,100,0.3333,835,508,1.0,6.915495305293007e-07,1.0,1.14755505364883e-06,1.0,2.982920705107972e-06,1.0,7.734116138635727e-07,2.2913711745786713e-06,146.0,0.00030567191424779594,1,1e-06,1e-06,AMD Ryzen 7 7700X 8-Core Processor,181.5
NODE,0,circles,0,100,0.3333,855,497,1.0,0.0024665507953613997,0.9976666569709778,0.028856871649622917,0.9979879260063171,0.009363113902509212,0.9976028800010681,0.03272758796811104,0.006896563107147813,176.0,0.0037313164211809635,1,1e-06,1e-06,AMD Ryzen 7 7700X 8-Core Processor,308.8
NODE,0,circles,3,100,0.3333,827,470,1.0,0.0004081473161932081,0.9963333606719971,0.013584825210273266,0.9914893507957458,0.014463392086327076,0.9972332119941711,0.013421609997749329,0.014055244770133868,164.0,0.0007684194715693593,1,1e-06,1e-06,AMD Ryzen 7 7700X 8-Core Processor,278.1
ANODE-p1,1,circles,3,100,0.3333,827,470,1.0,2.4114304324029945e-05,0.9593333601951599,0.17410898208618164,0.7404255270957947,1.1111990213394165,1.0,2.50321227213135e-05,1.1111749070350925,158.0,0.00040559202898293734,1,1e-06,1e-06,AMD Ryzen 7 7700X 8-Core Processor,198.3
NODE,0,circles,7,100,0.3333,829,494,1.0,2.572379889898002e-05,0.9399999976158142,0.7825489640235901,0.637651801109314,4.48237943649292,0.9996009469032288,0.05321301147341728,4.482353712694021,230.0,0.005864618346095085,1,1e-06,1e-06,AMD Ryzen 7 7700X 8-Core Processor,266.7
ANODE-p1,1,circles,4,100,0.3333,842,507,1.0,9.378951290273108e-06,0.9816666841506958,0.05775896832346916,0.8934911489486694,0.33699873089790344,0.9995988607406616,0.0009701382950879633,0.33698935194661317,140.0,0.00038673056405968964,1,1e-06,1e-06,AMD Ryzen 7 7700X 8-Core Processor,189.9
ANODE-p1,1,circles,5,100,0.3333,829,506,1.0,2.3007817873121894e-09,0.9963333606719971,0.018921421840786934,0.9861660003662109,0.05187033861875534,0.9983961582183838,0.012236515991389751,0.05187033631797355,164.0,0.000747024139855057,1,1e-06,1e-06,AMD Ryzen 7 7700X 8-Core Processor,199.5
ANODE-p1,1,circles,6,100,0.3333,842,510,1.0,2.964644352232426e-07,0.999666690826416,0.0031068858224898577,0.998039186000824,0.018224410712718964,1.0,1.0525604920985643e-05,0.01822411424828374,146.0,0.00036643058410845697,1,1e-06,1e-06,AMD Ryzen 7 7700X 8-Core Processor,192.7
ANODE-p1,1,circles,8,100,0.3333,837,489,1.0,5.2438972488744184e-06,0.9713333249092102,0.08843401074409485,0.8241308927536011,0.5425130724906921,1.0,5.233576302998699e-06,0.5425078285934433,134.0,0.00035494857002049685,1,1e-06,1e-06,AMD Ryzen 7 7700X 8-Core Processor,177.3
ANODE-p1,1,circles,7,100,0.3333,829,494,1.0,2.142585842079825e-08,0.999666690826416,0.0011056552175432444,1.0,1.4478860332900467e-09,0.9996009469032288,0.00132360914722085,-1.9977972387508203e-08,164.0,0.00028062841738574207,1,1e-06,1e-06,AMD Ryzen 7 7700X 8-Core Processor,194.4
NODE,0,circles,9,100,0.3333,853,469,0.9953106641769409,0.03527293726801872,0.9610000252723694,0.1263280212879181,0.8059701323509216,0.5742896795272827,0.9897273778915405,0.043319717049598694,0.539016742259264,212.0,0.015645485371351242,0,1e-06,1e-06,AMD Ryzen 7 7700X 8-Core Processor,374.7
ANODE-p1,1,circles,9,100,0.3333,853,469,1.0,1.2024717761960346e-05,0.9950000047683716,0.020139239728450775,0.968017041683197,0.12875095009803772,1.0,1.3247063179733232e-05,0.12873892538027576,158.0,0.000341894687153399,1,1e-06,1e-06,AMD Ryzen 7 7700X 8-Core Processor,196.1
ANODE-p2,2,circles,1,100,0.3333,835,508,1.0,3.6675278352049645e-06,1.0,4.389905825519236e-06,1.0,4.32720128173969e-07,1.0,5.196587153477594e-06,-3.2348077070309955e-06,128.0,0.0003881715820170939,1,1e-06,1e-06,AMD Ryzen 7 7700X 8-Core Processor,175.4
ANODE-p2,2,circles,2,100,0.3333,844,516,1.0,5.034992682340089e-06,0.9986666440963745,0.0036041277926415205,1.0,3.9798624129616655e-06,0.998389720916748,0.0043519847095012665,-1.0551302693784237e-06,122.0,0.0002850735036190599,1,1e-06,1e-06,AMD Ryzen 7 7700X 8-Core Processor,171.1
ANODE-p2,2,circles,0,100,0.3333,855,497,1.0,2.286578038024345e-08,0.999666690826416,0.0010383493499830365,0.9979879260063171,0.0051095131784677505,1.0,0.00022997207997832447,0.00510949031268737,152.0,0.00035074984771199524,1,1e-06,1e-06,AMD Ryzen 7 7700X 8-Core Processor,202.4
NODE,0,circles,1,100,0.3333,835,508,1.0,0.004826944787055254,0.9736666679382324,0.14408224821090698,0.8543307185173035,0.6881659030914307,0.9979935884475708,0.03316953778266907,0.6833389583043754,260.0,0.002483571646735072,1,1e-06,1e-06,AMD Ryzen 7 7700X 8-Core Processor,518.9
ANODE-p2,2,circles,3,100,0.3333,827,470,1.0,2.16281259781681e-05,0.9496666789054871,0.3684026598930359,0.6808510422706604,2.3405520915985107,0.9996047616004944,0.0020349198020994663,2.3405304634725326,140.0,0.0003067570796702057,1,1e-06,1e-06,AMD Ryzen 7 7700X 8-Core Processor,193.2
ANODE-p2,2,circles,4,100,0.3333,842,507,1.0,1.4537563401972875e-05,1.0,1.3305078027769923e-05,1.0,4.91952914671856e-06,1.0,1.5010444258223288e-05,-9.618034255254315e-06,158.0,0.00024663121439516544,1,1e-06,1e-06,AMD Ryzen 7 7700X 8-Core Processor,202.6
ANODE-p2,2,circles,8,100,0.3333,837,489,1.0,3.5606111392638695e-09,0.999666690826416,0.0003349176549818367,0.9979550242424011,0.002054681768640876,1.0,5.459590557421734e-09,0.0020546782080297366,140.0,0.0002678089076653123,1,1e-06,1e-06,AMD Ryzen 7 7700X 8-Core Processor,184.3
ANODE-p3,3,circles,3,100,0.3333,827,470,1.0,1.914358654175885e-05,0.987333357334137,0.05535575747489929,0.9191489219665527,0.35323038697242737,1.0,1.9354973119334318e-05,0.3532112433858856,128.0,0.00041496334597468376,1,1e-06,1e-06,AMD Ryzen 7 7700X 8-Core Processor,161.1
ANODE-p2,2,circles,7,100,0.3333,829,494,1.0,1.0017588465416338e-05,0.9976666569709778,0.011269965209066868,0.9959514141082764,0.01261512003839016,0.9980047941207886,0.011004799976944923,0.012605102449924743,164.0,0.002106052590534091,1,1e-06,1e-06,AMD Ryzen 7 7700X 8-Core Processor,211.6
ANODE-p2,2,circles,5,100,0.3333,829,506,1.0,1.076268199540209e-05,0.9950000047683716,0.02262912690639496,0.9743083119392395,0.1219836175441742,0.9991980791091919,0.0024713994935154915,0.12197285486217879,170.0,0.000704740930814296,1,1e-06,1e-06,AMD Ryzen 7 7700X 8-Core Processor,220.2
ANODE-p3,3,circles,4,100,0.3333,842,507,1.0,1.003877605398884e-05,0.9890000224113464,0.029411928728222847,0.9349112510681152,0.1736527979373932,1.0,7.774684490868822e-05,0.1736427591613392,128.0,0.0005029567400924861,1,1e-06,1e-06,AMD Ryzen 7 7700X 8-Core Processor,163.2
ANODE-p3,3,circles,0,100,0.3333,855,497,1.0,0.00016062681970652193,0.95333331823349,0.20335127413272858,0.7283702492713928,1.1911102533340454,0.9980024099349976,0.007220145780593157,1.1909496265143389,158.0,0.000179848590050824,1,1e-06,1e-06,AMD Ryzen 7 7700X 8-Core Processor,227.9
ANODE-p2,2,circles,6,100,0.3333,842,510,1.0,0.00011979175906162709,0.9990000128746033,0.032168708741664886,0.998039186000824,0.17358528077602386,0.9991967678070068,0.0032038663048297167,0.17346548901696224,194.0,0.00137025723233819,1,1e-06,1e-06,AMD Ryzen 7 7700X 8-Core Processor,254.5
ANODE-p3,3,circles,1,100,0.3333,835,508,1.0,0.00043677783105522394,0.9983333349227905,0.00450846878811717,0.9921259880065918,0.020856667309999466,0.9995987415313721,0.0011758506298065186,0.020419889478944242,182.0,0.0009361210977658629,1,1e-06,1e-06,AMD Ryzen 7 7700X 8-Core Processor,258.4
ANODE-p2,2,circles,9,100,0.3333,853,469,1.0,7.443059530487517e-06,1.0,1.04567907328601e-05,1.0,3.031490678040427e-06,1.0,1.1832715244963765e-05,-4.41156885244709e-06,224.0,0.007619015872478485,1,1e-06,1e-06,AMD Ryzen 7 7700X 8-Core Processor,288.4
ANODE-p3,3,circles,5,100,0.3333,829,506,1.0,4.1194361983798444e-06,0.9573333263397217,0.14790357649326324,0.7490118741989136,0.8718789219856262,0.999599039554596,0.0010184008860960603,0.8718748025494278,182.0,0.0005553234368562698,1,1e-06,1e-06,AMD Ryzen 7 7700X 8-Core Processor,225.8
ANODE-p3,3,circles,2,100,0.3333,844,516,1.0,7.11291068000719e-05,0.9903333187103271,0.029446784406900406,0.9496123790740967,0.13285396993160248,0.998792290687561,0.007966065779328346,0.1327828408248024,200.0,0.001744271139614284,1,1e-06,1e-06,AMD Ryzen 7 7700X 8-Core Processor,283.3
ANODE-p3,3,circles,7,100,0.3333,829,494,1.0,3.776939138333546e-06,1.0,2.4656976165715605e-05,1.0,0.0001093274331651628,1.0,7.96615222498076e-06,0.00010555049402682926,110.0,0.00027531429077498615,1,1e-06,1e-06,AMD Ryzen 7 7700X 8-Core Processor,136.8
ANODE-p3,3,circles,8,100,0.3333,837,489,1.0,3.911997737304773e-06,0.9913333058357239,0.03233266994357109,0.9468302726745605,0.19834265112876892,1.0,3.3733977033989504e-06,0.19833873913103162,122.0,0.00043248292058706284,1,1e-06,1e-06,AMD Ryzen 7 7700X 8-Core Processor,150.9
ANODE-p3,3,circles,9,100,0.3333,853,469,1.0,2.0425013644853607e-05,0.9710000157356262,0.07617266476154327,0.8166311383247375,0.4797855317592621,0.9996048808097839,0.001382301445119083,0.47976510674561723,128.0,0.00029755051946267486,1,1e-06,1e-06,AMD Ryzen 7 7700X 8-Core Processor,166.0
NODE,0,circles,2,100,0.3333,844,516,0.9656398296356201,0.20136088132858276,0.9670000076293945,0.19518086314201355,1.0,0.12570278346538544,0.9601449370384216,0.20961350202560425,-0.07565809786319733,332.0,0.003823322942480445,1,1e-06,1e-06,AMD Ryzen 7 7700X 8-Core Processor,829.4
ANODE-p3,3,circles,6,100,0.3333,842,510,1.0,3.1707990274298936e-05,1.0,8.364552195416763e-05,1.0,1.2038322893204167e-05,1.0,9.83120480668731e-05,-1.966966738109477e-05,176.0,0.00028266553999856114,1,1e-06,1e-06,AMD Ryzen 7 7700X 8-Core Processor,223.0
ANODE-p5,5,circles,3,100,0.3333,827,470,1.0,9.04172338778153e-05,0.9980000257492065,0.005292976275086403,0.9893617033958435,0.02629130706191063,0.9996047616004944,0.0013921003555878997,0.026200889828032814,116.0,0.0002538125845603645,1,1e-06,1e-06,AMD Ryzen 7 7700X 8-Core Processor,152.2
ANODE-p5,5,circles,1,100,0.3333,835,508,1.0,1.0921441884192973e-07,0.9976666569709778,0.007467969786375761,0.9862204790115356,0.044096287339925766,1.0,1.202411681333615e-06,0.044096178125506924,140.0,0.0003063843760173768,1,1e-06,1e-06,AMD Ryzen 7 7700X 8-Core Processor,184.3
ANODE-p5,5,circles,5,100,0.3333,829,506,1.0,6.983775620028609e-06,0.9536666870117188,0.3505546450614929,0.7430830001831055,2.0114870071411133,0.9963913559913635,0.01357313059270382,2.0114800233654933,134.0,0.00025937723694369197,1,1e-06,1e-06,AMD Ryzen 7 7700X 8-Core Processor,141.9
ANODE-p5,5,circles,0,100,0.3333,855,497,1.0,0.00021113325783517212,0.9913333058357239,0.022827114909887314,0.9496982097625732,0.12817521393299103,0.9996004700660706,0.001909019541926682,0.12796408067515586,158.0,0.0006525203352794051,1,1e-06,1e-06,AMD Ryzen 7 7700X 8-Core Processor,232.7
ANODE-p5,5,circles,4,100,0.3333,842,507,1.0,2.5062079203053145e-06,0.999666690826416,0.0007519501959905028,1.0,0.00013059019693173468,0.9995988607406616,0.0008783157099969685,0.00012808398901142937,128.0,0.0002508816833142191,1,1e-06,1e-06,AMD Ryzen 7 7700X 8-Core Processor,168.1
ANODE-p5,5,circles,8,100,0.3333,837,489,1.0,4.412079942994751e-05,0.9903333187103271,0.028812779113650322,0.942740261554718,0.1747031807899475,0.9996017813682556,0.0004016260791104287,0.17465905999051756,128.0,0.0002637741854414344,1,1e-06,1e-06,AMD Ryzen 7 7700X 8-Core Processor,129.1
ANODE-p5,5,circles,2,100,0.3333,844,516,1.0,0.00012436514953151345,0.9956666827201843,0.020133506506681442,1.0,0.00014797502080909908,0.9947665333747864,0.02428509294986725,2.3609871277585626e-05,188.0,0.0004238430119585246,1,1e-06,1e-06,AMD Ryzen 7 7700X 8-Core Processor,208.9
ANODE-p5,5,circles,9,100,0.3333,853,469,1.0,3.8057371511968086e-06,0.9626666903495789,0.14288225769996643,0.7611940503120422,0.9139323830604553,1.0,4.965168955095578e-06,0.9139285773233041,104.0,0.0003170800628140569,1,1e-06,1e-06,AMD Ryzen 7 7700X 8-Core Processor,112.0
ANODE-p5,5,circles,6,100,0.3333,842,510,1.0,2.569310026956373e-06,1.0,1.0619535714795347e-05,1.0,3.3650442219368415e-06,1.0,1.2105396308470517e-05,7.957341949804686e-07,134.0,0.00026356527814641595,1,1e-06,1e-06,AMD Ryzen 7 7700X 8-Core Processor,149.9
ANODE-p5,5,circles,7,100,0.3333,829,494,1.0,6.0449324337241706e-06,0.9886666536331177,0.042772114276885986,0.9352226853370667,0.25352269411087036,0.9992018938064575,0.0012275137705728412,0.25351664917843664,146.0,0.00039180187741294503,1,1e-06,1e-06,AMD Ryzen 7 7700X 8-Core Processor,149.5
NODE,0,circles,8,100,0.3333,837,489,0.9283154010772705,0.254203736782074,0.9303333163261414,0.249012753367424,1.0,0.08397212624549866,0.9167662262916565,0.28115329146385193,-0.17023161053657532,362.0,0.007216178346425295,1,1e-06,1e-06,AMD Ryzen 7 7700X 8-Core Processor,950.7
