model,params,seed,epoch,train_tol,eval_tol,train_acc,train_loss,test_acc,test_loss,train_fwd_nfe,eval_fwd_nfe,recon_rel,recon_ok,gap_acc,epoch_s,hardware
NODE,173611,0,1,0.001,1e-05,0.37586,1.7698292112350464,0.4164,1.6536917358398437,19.96938775510204,38,0.000416550668887794,1,-0.040539999999999965,109.7,NVIDIA GeForce RTX 3090
NODE,173611,0,1,0.001,1e-06,0.37586,1.7698292112350464,0.4164,1.6536917358398437,19.96938775510204,62,0.00012130998948123306,1,-0.040539999999999965,109.7,NVIDIA GeForce RTX 3090
NODE,173611,0,1,0.001,1e-07,0.37586,1.7698292112350464,0.4164,1.6536917358398437,19.96938775510204,212,2.3319749743677676e-05,1,-0.040539999999999965,109.7,NVIDIA GeForce RTX 3090
NODE,173611,0,2,0.001,1e-05,0.43898,1.6082038259506226,0.4426,1.5854873552322388,20.0,38,0.001106491545215249,1,-0.003620000000000012,136.5,NVIDIA GeForce RTX 3090
NODE,173611,0,2,0.001,1e-06,0.43898,1.6082038259506226,0.4426,1.5854873552322388,20.0,80,0.00013091757136862725,1,-0.003620000000000012,136.5,NVIDIA GeForce RTX 3090
NODE,173611,0,2,0.001,1e-07,0.43898,1.6082038259506226,0.4426,1.5854873552322388,20.0,254,2.2133481252240017e-05,1,-0.003620000000000012,136.5,NVIDIA GeForce RTX 3090
NODE,173611,0,3,0.001,1e-05,0.46484,1.5162401209259033,0.4659,1.4945990394592286,20.0,44,0.0005776082398369908,1,-0.0010600000000000054,151.2,NVIDIA GeForce RTX 3090
NODE,173611,0,3,0.001,1e-06,0.46484,1.5162401209259033,0.4659,1.4945990394592286,20.0,86,0.00013201696856413037,1,-0.0010600000000000054,151.2,NVIDIA GeForce RTX 3090
NODE,173611,0,3,0.001,1e-07,0.46484,1.5162401209259033,0.4659,1.4945990394592286,20.0,236,4.490706487558782e-05,1,-0.0010600000000000054,151.2,NVIDIA GeForce RTX 3090
NODE,173611,0,4,0.001,1e-05,0.48856,1.4377809564971924,0.4732,1.4490534847259522,20.0,44,0.0005880921380594373,1,0.015359999999999985,146.2,NVIDIA GeForce RTX 3090
NODE,173611,0,4,0.001,1e-06,0.48856,1.4377809564971924,0.4732,1.4490534847259522,20.0,92,0.0002156408445443958,1,0.015359999999999985,146.2,NVIDIA GeForce RTX 3090
NODE,173611,0,4,0.001,1e-07,0.48856,1.4377809564971924,0.4732,1.4490534847259522,20.0,338,3.731014658114873e-05,1,0.015359999999999985,146.2,NVIDIA GeForce RTX 3090
NODE,173611,0,5,0.001,1e-05,0.50948,1.3743852117156983,0.4756,1.459344055557251,20.0,44,0.0008603426977060735,1,0.03388000000000002,153.7,NVIDIA GeForce RTX 3090
NODE,173611,0,5,0.001,1e-06,0.50948,1.3743852117156983,0.4756,1.459344055557251,20.0,92,0.00017352930444758385,1,0.03388000000000002,153.7,NVIDIA GeForce RTX 3090
NODE,173611,0,5,0.001,1e-07,0.50948,1.3743852117156983,0.4756,1.459344055557251,20.0,320,5.501500709215179e-05,1,0.03388000000000002,153.7,NVIDIA GeForce RTX 3090
NODE,173611,0,6,0.001,1e-05,0.53204,1.3162481409072877,0.5084,1.3617853813171388,20.091836734693878,50,0.000756392371840775,1,0.023639999999999994,163.9,NVIDIA GeForce RTX 3090
NODE,173611,0,6,0.001,1e-06,0.53204,1.3162481409072877,0.5084,1.3617853813171388,20.091836734693878,104,0.0001663048315094784,1,0.023639999999999994,163.9,NVIDIA GeForce RTX 3090
NODE,173611,0,6,0.001,1e-07,0.53204,1.3162481409072877,0.5084,1.3617853813171388,20.091836734693878,368,5.1965467719128355e-05,1,0.023639999999999994,163.9,NVIDIA GeForce RTX 3090
NODE,173611,0,7,0.001,1e-05,0.55828,1.243233603515625,0.5187,1.3251790061950683,22.632653061224488,56,0.0007938524940982461,1,0.03957999999999995,184.7,NVIDIA GeForce RTX 3090
NODE,173611,0,7,0.001,1e-06,0.55828,1.243233603515625,0.5187,1.3251790061950683,22.632653061224488,110,0.0001801848120521754,1,0.03957999999999995,184.7,NVIDIA GeForce RTX 3090
NODE,173611,0,7,0.001,1e-07,0.55828,1.243233603515625,0.5187,1.3251790061950683,22.632653061224488,392,9.380606934428215e-05,1,0.03957999999999995,184.7,NVIDIA GeForce RTX 3090
NODE,173611,0,8,0.001,1e-05,0.58138,1.1858819200897217,0.5291,1.3148672384262086,26.0,56,0.0006311972392722964,1,0.05227999999999999,203.4,NVIDIA GeForce RTX 3090
NODE,173611,0,8,0.001,1e-06,0.58138,1.1858819200897217,0.5291,1.3148672384262086,26.0,116,0.00018883019220083952,1,0.05227999999999999,203.4,NVIDIA GeForce RTX 3090
NODE,173611,0,8,0.001,1e-07,0.58138,1.1858819200897217,0.5291,1.3148672384262086,26.0,374,5.937376045039855e-05,1,0.05227999999999999,203.4,NVIDIA GeForce RTX 3090
NODE,173611,0,9,0.001,1e-05,0.59878,1.1366824696731568,0.5373,1.294591982460022,26.0,56,0.0006751439068466425,1,0.06147999999999998,214.8,NVIDIA GeForce RTX 3090
NODE,173611,0,9,0.001,1e-06,0.59878,1.1366824696731568,0.5373,1.294591982460022,26.0,116,0.00030783741385675967,1,0.06147999999999998,214.8,NVIDIA GeForce RTX 3090
NODE,173611,0,9,0.001,1e-07,0.59878,1.1366824696731568,0.5373,1.294591982460022,26.0,392,3.66493477486074e-05,1,0.06147999999999998,214.8,NVIDIA GeForce RTX 3090
NODE,173611,0,10,0.001,1e-05,0.61534,1.092833977470398,0.5352,1.3118091495513915,26.0,62,0.0006718267686665058,1,0.08013999999999999,218.6,NVIDIA GeForce RTX 3090
NODE,173611,0,10,0.001,1e-06,0.61534,1.092833977470398,0.5352,1.3118091495513915,26.0,122,0.00023249526566360146,1,0.08013999999999999,218.6,NVIDIA GeForce RTX 3090
NODE,173611,0,10,0.001,1e-07,0.61534,1.092833977470398,0.5352,1.3118091495513915,26.0,410,0.00017369876150041819,1,0.08013999999999999,218.6,NVIDIA GeForce RTX 3090
NODE,173611,1,1,0.001,1e-05,0.37194,1.7757968932724,0.4287,1.6250867544174195,19.96938775510204,38,0.0005544562009163201,1,-0.05676000000000003,137.1,NVIDIA GeForce RTX 3090
NODE,173611,1,1,0.001,1e-06,0.37194,1.7757968932724,0.4287,1.6250867544174195,19.96938775510204,62,6.469062645919621e-05,1,-0.05676000000000003,137.1,NVIDIA GeForce RTX 3090
NODE,173611,1,1,0.001,1e-07,0.37194,1.7757968932724,0.4287,1.6250867544174195,19.96938775510204,230,1.695159517112188e-05,1,-0.05676000000000003,137.1,NVIDIA GeForce RTX 3090
NODE,173611,1,2,0.001,1e-05,0.4401,1.608666988067627,0.436,1.5909613216400147,20.03061224489796,38,0.0006085073691792786,1,0.0040999999999999925,146.3,NVIDIA GeForce RTX 3090
NODE,173611,1,2,0.001,1e-06,0.4401,1.608666988067627,0.436,1.5909613216400147,20.03061224489796,74,8.687357330927625e-05,1,0.0040999999999999925,146.3,NVIDIA GeForce RTX 3090
NODE,173611,1,2,0.001,1e-07,0.4401,1.608666988067627,0.436,1.5909613216400147,20.03061224489796,266,2.983198282890953e-05,1,0.0040999999999999925,146.3,NVIDIA GeForce RTX 3090
NODE,173611,1,3,0.001,1e-05,0.46194,1.536605971031189,0.4604,1.5049421752929688,21.193877551020407,50,0.0006905919290147722,1,0.0015400000000000413,152.1,NVIDIA GeForce RTX 3090
NODE,173611,1,3,0.001,1e-06,0.46194,1.536605971031189,0.4604,1.5049421752929688,21.193877551020407,86,0.00012018954294035211,1,0.0015400000000000413,152.1,NVIDIA GeForce RTX 3090
NODE,173611,1,3,0.001,1e-07,0.46194,1.536605971031189,0.4604,1.5049421752929688,21.193877551020407,320,3.85207895305939e-05,1,0.0015400000000000413,152.1,NVIDIA GeForce RTX 3090
NODE,173611,1,4,0.001,1e-05,0.4813,1.4564284749603271,0.4702,1.4844659433364868,20.03061224489796,50,0.00045241875341162086,1,0.011099999999999999,138.9,NVIDIA GeForce RTX 3090
NODE,173611,1,4,0.001,1e-06,0.4813,1.4564284749603271,0.4702,1.4844659433364868,20.03061224489796,86,0.00017162699077744037,1,0.011099999999999999,138.9,NVIDIA GeForce RTX 3090
NODE,173611,1,4,0.001,1e-07,0.4813,1.4564284749603271,0.4702,1.4844659433364868,20.03061224489796,308,3.2902979000937194e-05,1,0.011099999999999999,138.9,NVIDIA GeForce RTX 3090
NODE,173611,1,5,0.001,1e-05,0.50548,1.3910969805145263,0.4885,1.4329071834564209,20.0,50,0.0006705225096084177,1,0.01698000000000005,117.2,NVIDIA GeForce RTX 3090
NODE,173611,1,5,0.001,1e-06,0.50548,1.3910969805145263,0.4885,1.4329071834564209,20.0,98,0.00012474512914195657,1,0.01698000000000005,117.2,NVIDIA GeForce RTX 3090
NODE,173611,1,5,0.001,1e-07,0.50548,1.3910969805145263,0.4885,1.4329071834564209,20.0,344,3.684438343043439e-05,1,0.01698000000000005,117.2,NVIDIA GeForce RTX 3090
NODE,173611,1,6,0.001,1e-05,0.52474,1.3383914665603638,0.4911,1.411224115371704,21.897959183673468,50,0.0008466162253171206,1,0.03364,123.0,NVIDIA GeForce RTX 3090
NODE,173611,1,6,0.001,1e-06,0.52474,1.3383914665603638,0.4911,1.411224115371704,21.897959183673468,98,0.00014100551197770983,1,0.03364,123.0,NVIDIA GeForce RTX 3090
NODE,173611,1,6,0.001,1e-07,0.52474,1.3383914665603638,0.4911,1.411224115371704,21.897959183673468,410,3.136983286822215e-05,1,0.03364,123.0,NVIDIA GeForce RTX 3090
NODE,173611,1,7,0.001,1e-05,0.54628,1.2767687100982665,0.5193,1.3368167079925537,26.183673469387756,56,0.0008927493472583592,1,0.026980000000000004,180.3,NVIDIA GeForce RTX 3090
NODE,173611,1,7,0.001,1e-06,0.54628,1.2767687100982665,0.5193,1.3368167079925537,26.183673469387756,110,0.00018578207527752966,1,0.026980000000000004,180.3,NVIDIA GeForce RTX 3090
NODE,173611,1,7,0.001,1e-07,0.54628,1.2767687100982665,0.5193,1.3368167079925537,26.183673469387756,434,6.302510155364871e-05,1,0.026980000000000004,180.3,NVIDIA GeForce RTX 3090
NODE,173611,1,8,0.001,1e-05,0.57056,1.2084494157791137,0.5264,1.3272001314163209,26.0,56,0.0008188358042389154,1,0.04415999999999998,196.2,NVIDIA GeForce RTX 3090
NODE,173611,1,8,0.001,1e-06,0.57056,1.2084494157791137,0.5264,1.3272001314163209,26.0,116,0.0001605058932909742,1,0.04415999999999998,196.2,NVIDIA GeForce RTX 3090
NODE,173611,1,8,0.001,1e-07,0.57056,1.2084494157791137,0.5264,1.3272001314163209,26.0,464,4.1379058529855683e-05,1,0.04415999999999998,196.2,NVIDIA GeForce RTX 3090
NODE,173611,1,9,0.001,1e-05,0.59384,1.1502335696029664,0.536,1.3241147985458375,26.0,62,0.0006149705732241273,1,0.05784,202.1,NVIDIA GeForce RTX 3090
NODE,173611,1,9,0.001,1e-06,0.59384,1.1502335696029664,0.536,1.3241147985458375,26.0,122,0.00016155096818692982,1,0.05784,202.1,NVIDIA GeForce RTX 3090
NODE,173611,1,9,0.001,1e-07,0.59384,1.1502335696029664,0.536,1.3241147985458375,26.0,452,9.024577593663707e-05,1,0.05784,202.1,NVIDIA GeForce RTX 3090
NODE,173611,1,10,0.001,1e-05,0.60828,1.1088558856582642,0.5448,1.2811921810150146,26.0,62,0.0006709530134685338,1,0.06348000000000009,198.6,NVIDIA GeForce RTX 3090
NODE,173611,1,10,0.001,1e-06,0.60828,1.1088558856582642,0.5448,1.2811921810150146,26.0,122,0.00014982072752900422,1,0.06348000000000009,198.6,NVIDIA GeForce RTX 3090
NODE,173611,1,10,0.001,1e-07,0.60828,1.1088558856582642,0.5448,1.2811921810150146,26.0,440,5.6282566220033914e-05,1,0.06348000000000009,198.6,NVIDIA GeForce RTX 3090
NODE,173611,2,1,0.001,1e-05,0.37904,1.7659525107574463,0.4192,1.6497976572036743,20.0,38,0.0005012509063817561,1,-0.04016000000000003,118.8,NVIDIA GeForce RTX 3090
NODE,173611,2,1,0.001,1e-06,0.37904,1.7659525107574463,0.4192,1.6497976572036743,20.0,74,9.927069186232984e-05,1,-0.04016000000000003,118.8,NVIDIA GeForce RTX 3090
NODE,173611,2,1,0.001,1e-07,0.37904,1.7659525107574463,0.4192,1.6497976572036743,20.0,212,2.6860787329496816e-05,1,-0.04016000000000003,118.8,NVIDIA GeForce RTX 3090
NODE,173611,2,2,0.001,1e-05,0.4429,1.5882978509521484,0.4399,1.5666987321853638,20.0,38,0.0004901498323306441,1,0.0030000000000000027,148.1,NVIDIA GeForce RTX 3090
NODE,173611,2,2,0.001,1e-06,0.4429,1.5882978509521484,0.4399,1.5666987321853638,20.0,68,9.534628043184057e-05,1,0.0030000000000000027,148.1,NVIDIA GeForce RTX 3090
NODE,173611,2,2,0.001,1e-07,0.4429,1.5882978509521484,0.4399,1.5666987321853638,20.0,242,3.647718403954059e-05,1,0.0030000000000000027,148.1,NVIDIA GeForce RTX 3090
NODE,173611,2,3,0.001,1e-05,0.46478,1.5087975718688964,0.4679,1.4760056985855103,20.0,44,0.000470818136818707,1,-0.003119999999999956,157.7,NVIDIA GeForce RTX 3090
NODE,173611,2,3,0.001,1e-06,0.46478,1.5087975718688964,0.4679,1.4760056985855103,20.0,80,0.00010722991282818839,1,-0.003119999999999956,157.7,NVIDIA GeForce RTX 3090
NODE,173611,2,3,0.001,1e-07,0.46478,1.5087975718688964,0.4679,1.4760056985855103,20.0,248,5.787367990706116e-05,1,-0.003119999999999956,157.7,NVIDIA GeForce RTX 3090
NODE,173611,2,4,0.001,1e-05,0.49674,1.4191886296844483,0.4812,1.4356442434310912,20.0,44,0.0004605972208082676,1,0.015539999999999998,152.6,NVIDIA GeForce RTX 3090
NODE,173611,2,4,0.001,1e-06,0.49674,1.4191886296844483,0.4812,1.4356442434310912,20.0,92,0.00011778446787502617,1,0.015539999999999998,152.6,NVIDIA GeForce RTX 3090
NODE,173611,2,4,0.001,1e-07,0.49674,1.4191886296844483,0.4812,1.4356442434310912,20.0,284,2.3575403247377835e-05,1,0.015539999999999998,152.6,NVIDIA GeForce RTX 3090
NODE,173611,2,5,0.001,1e-05,0.52814,1.3235504176330566,0.5255,1.327150344657898,21.163265306122447,50,0.0006061744061298668,1,0.0026400000000000867,158.6,NVIDIA GeForce RTX 3090
NODE,173611,2,5,0.001,1e-06,0.52814,1.3235504176330566,0.5255,1.327150344657898,21.163265306122447,104,0.00011007268767571077,1,0.0026400000000000867,158.6,NVIDIA GeForce RTX 3090
NODE,173611,2,5,0.001,1e-07,0.52814,1.3235504176330566,0.5255,1.327150344657898,21.163265306122447,392,3.187565744156018e-05,1,0.0026400000000000867,158.6,NVIDIA GeForce RTX 3090
NODE,173611,2,6,0.001,1e-05,0.56064,1.2391660996246339,0.5238,1.317800811958313,25.908163265306122,56,0.0005307919927872717,1,0.036839999999999984,160.8,NVIDIA GeForce RTX 3090
NODE,173611,2,6,0.001,1e-06,0.56064,1.2391660996246339,0.5238,1.317800811958313,25.908163265306122,110,0.00011840639490401372,1,0.036839999999999984,160.8,NVIDIA GeForce RTX 3090
NODE,173611,2,6,0.001,1e-07,0.56064,1.2391660996246339,0.5238,1.317800811958313,25.908163265306122,398,3.120582186966203e-05,1,0.036839999999999984,160.8,NVIDIA GeForce RTX 3090
NODE,173611,2,7,0.001,1e-05,0.58244,1.181526933517456,0.5428,1.2810655261993409,26.0,56,0.0005784604582004249,1,0.03964000000000001,167.5,NVIDIA GeForce RTX 3090
NODE,173611,2,7,0.001,1e-06,0.58244,1.181526933517456,0.5428,1.2810655261993409,26.0,116,0.0001258688571397215,1,0.03964000000000001,167.5,NVIDIA GeForce RTX 3090
NODE,173611,2,7,0.001,1e-07,0.58244,1.181526933517456,0.5428,1.2810655261993409,26.0,374,3.925670898752287e-05,1,0.03964000000000001,167.5,NVIDIA GeForce RTX 3090
NODE,173611,2,8,0.001,1e-05,0.6018,1.130124709148407,0.5313,1.3074396629333496,26.0,56,0.0005319851916283369,1,0.07050000000000001,188.0,NVIDIA GeForce RTX 3090
NODE,173611,2,8,0.001,1e-06,0.6018,1.130124709148407,0.5313,1.3074396629333496,26.0,116,0.00019988155690953135,1,0.07050000000000001,188.0,NVIDIA GeForce RTX 3090
NODE,173611,2,8,0.001,1e-07,0.6018,1.130124709148407,0.5313,1.3074396629333496,26.0,404,9.077131107915193e-05,1,0.07050000000000001,188.0,NVIDIA GeForce RTX 3090
NODE,173611,2,9,0.001,1e-05,0.61536,1.0938818484687804,0.5427,1.2794383377075196,26.0,62,0.0006459241849370301,1,0.07266000000000006,199.8,NVIDIA GeForce RTX 3090
NODE,173611,2,9,0.001,1e-06,0.61536,1.0938818484687804,0.5427,1.2794383377075196,26.0,122,0.00016477188910357654,1,0.07266000000000006,199.8,NVIDIA GeForce RTX 3090
NODE,173611,2,9,0.001,1e-07,0.61536,1.0938818484687804,0.5427,1.2794383377075196,26.0,476,4.624615758075379e-05,1,0.07266000000000006,199.8,NVIDIA GeForce RTX 3090
NODE,173611,2,10,0.001,1e-05,0.62248,1.0666258909606934,0.5301,1.3151220962524415,26.0,62,0.0006176495226100087,1,0.09238000000000002,193.5,NVIDIA GeForce RTX 3090
NODE,173611,2,10,0.001,1e-06,0.62248,1.0666258909606934,0.5301,1.3151220962524415,26.0,128,0.00012822043208871037,1,0.09238000000000002,193.5,NVIDIA GeForce RTX 3090
NODE,173611,2,10,0.001,1e-07,0.62248,1.0666258909606934,0.5301,1.3151220962524415,26.0,482,0.00021787307923659682,1,0.09238000000000002,193.5,NVIDIA GeForce RTX 3090
NODE,173611,3,1,0.001,1e-05,0.37982,1.7575840157318114,0.4218,1.6303943355560302,20.0,38,0.000634332187473774,1,-0.04198000000000002,106.1,NVIDIA GeForce RTX 3090
NODE,173611,3,1,0.001,1e-06,0.37982,1.7575840157318114,0.4218,1.6303943355560302,20.0,68,9.67495288932696e-05,1,-0.04198000000000002,106.1,NVIDIA GeForce RTX 3090
NODE,173611,3,1,0.001,1e-07,0.37982,1.7575840157318114,0.4218,1.6303943355560302,20.0,236,5.0404280045768246e-05,1,-0.04198000000000002,106.1,NVIDIA GeForce RTX 3090
NODE,173611,3,2,0.001,1e-05,0.44048,1.597425394973755,0.4432,1.589185108757019,20.0,38,0.0008026366122066975,1,-0.00272,115.9,NVIDIA GeForce RTX 3090
NODE,173611,3,2,0.001,1e-06,0.44048,1.597425394973755,0.4432,1.589185108757019,20.0,74,0.0001521483645774424,1,-0.00272,115.9,NVIDIA GeForce RTX 3090
NODE,173611,3,2,0.001,1e-07,0.44048,1.597425394973755,0.4432,1.589185108757019,20.0,254,2.5126362743321806e-05,1,-0.00272,115.9,NVIDIA GeForce RTX 3090
NODE,173611,3,3,0.001,1e-05,0.4657,1.5151941414260863,0.4533,1.5267554862976074,20.0,44,0.000981402350589633,1,0.012400000000000022,113.2,NVIDIA GeForce RTX 3090
NODE,173611,3,3,0.001,1e-06,0.4657,1.5151941414260863,0.4533,1.5267554862976074,20.0,86,0.00016174725897144526,1,0.012400000000000022,113.2,NVIDIA GeForce RTX 3090
NODE,173611,3,3,0.001,1e-07,0.4657,1.5151941414260863,0.4533,1.5267554862976074,20.0,260,5.193230390432291e-05,1,0.012400000000000022,113.2,NVIDIA GeForce RTX 3090
NODE,173611,3,4,0.001,1e-05,0.48998,1.4272561784362794,0.4821,1.4426559392929077,20.0,44,0.0006486829370260239,1,0.007880000000000054,116.5,NVIDIA GeForce RTX 3090
NODE,173611,3,4,0.001,1e-06,0.48998,1.4272561784362794,0.4821,1.4426559392929077,20.0,86,0.0001297209382755682,1,0.007880000000000054,116.5,NVIDIA GeForce RTX 3090
NODE,173611,3,4,0.001,1e-07,0.48998,1.4272561784362794,0.4821,1.4426559392929077,20.0,302,8.469683962175623e-05,1,0.007880000000000054,116.5,NVIDIA GeForce RTX 3090
NODE,173611,3,5,0.001,1e-05,0.51206,1.3696337481307983,0.4969,1.3978896484375,20.091836734693878,50,0.0011666719801723957,1,0.015159999999999951,122.3,NVIDIA GeForce RTX 3090
NODE,173611,3,5,0.001,1e-06,0.51206,1.3696337481307983,0.4969,1.3978896484375,20.091836734693878,92,0.00021651065617334098,1,0.015159999999999951,122.3,NVIDIA GeForce RTX 3090
NODE,173611,3,5,0.001,1e-07,0.51206,1.3696337481307983,0.4969,1.3978896484375,20.091836734693878,332,9.149133984465152e-05,1,0.015159999999999951,122.3,NVIDIA GeForce RTX 3090
NODE,173611,3,6,0.001,1e-05,0.53956,1.2939391069793702,0.5096,1.374477746772766,20.153061224489797,50,0.0008513946668244898,1,0.029959999999999987,164.0,NVIDIA GeForce RTX 3090
NODE,173611,3,6,0.001,1e-06,0.53956,1.2939391069793702,0.5096,1.374477746772766,20.153061224489797,104,0.00034427677746862173,1,0.029959999999999987,164.0,NVIDIA GeForce RTX 3090
NODE,173611,3,6,0.001,1e-07,0.53956,1.2939391069793702,0.5096,1.374477746772766,20.153061224489797,374,5.2690476877614856e-05,1,0.029959999999999987,164.0,NVIDIA GeForce RTX 3090
NODE,173611,3,7,0.001,1e-05,0.56682,1.2189540970230102,0.5321,1.310618980026245,24.56122448979592,56,0.00048220137250609696,1,0.03471999999999997,167.7,NVIDIA GeForce RTX 3090
NODE,173611,3,7,0.001,1e-06,0.56682,1.2189540970230102,0.5321,1.310618980026245,24.56122448979592,110,0.00015014701057225466,1,0.03471999999999997,167.7,NVIDIA GeForce RTX 3090
NODE,173611,3,7,0.001,1e-07,0.56682,1.2189540970230102,0.5321,1.310618980026245,24.56122448979592,392,7.732502854196355e-05,1,0.03471999999999997,167.7,NVIDIA GeForce RTX 3090
NODE,173611,3,8,0.001,1e-05,0.58928,1.1638248360061645,0.5364,1.3103125461578369,26.0,56,0.0007262111757881939,1,0.05288000000000004,162.3,NVIDIA GeForce RTX 3090
NODE,173611,3,8,0.001,1e-06,0.58928,1.1638248360061645,0.5364,1.3103125461578369,26.0,116,0.00020408039563335478,1,0.05288000000000004,162.3,NVIDIA GeForce RTX 3090
NODE,173611,3,8,0.001,1e-07,0.58928,1.1638248360061645,0.5364,1.3103125461578369,26.0,386,4.2021456465590745e-05,1,0.05288000000000004,162.3,NVIDIA GeForce RTX 3090
NODE,173611,3,9,0.001,1e-05,0.6043,1.1178397663116455,0.5319,1.3024311191558837,26.0,56,0.0004800262104254216,1,0.07239999999999991,163.2,NVIDIA GeForce RTX 3090
NODE,173611,3,9,0.001,1e-06,0.6043,1.1178397663116455,0.5319,1.3024311191558837,26.0,116,0.0002096616372000426,1,0.07239999999999991,163.2,NVIDIA GeForce RTX 3090
NODE,173611,3,9,0.001,1e-07,0.6043,1.1178397663116455,0.5319,1.3024311191558837,26.0,398,3.8319340092130005e-05,1,0.07239999999999991,163.2,NVIDIA GeForce RTX 3090
NODE,173611,3,10,0.001,1e-05,0.62122,1.0753101947021484,0.5325,1.3171539316177368,26.0,56,0.0007092163432389498,1,0.08872000000000002,191.5,NVIDIA GeForce RTX 3090
NODE,173611,3,10,0.001,1e-06,0.62122,1.0753101947021484,0.5325,1.3171539316177368,26.0,122,0.00013933486479800195,1,0.08872000000000002,191.5,NVIDIA GeForce RTX 3090
NODE,173611,3,10,0.001,1e-07,0.62122,1.0753101947021484,0.5325,1.3171539316177368,26.0,398,0.00013752961240243167,1,0.08872000000000002,191.5,NVIDIA GeForce RTX 3090
NODE,173611,4,1,0.001,1e-05,0.37852,1.779613782081604,0.4006,1.682022357749939,19.96938775510204,38,0.00035803471109829843,1,-0.02207999999999999,103.2,NVIDIA GeForce RTX 3090
NODE,173611,4,1,0.001,1e-06,0.37852,1.779613782081604,0.4006,1.682022357749939,19.96938775510204,62,7.50589751987718e-05,1,-0.02207999999999999,103.2,NVIDIA GeForce RTX 3090
NODE,173611,4,1,0.001,1e-07,0.37852,1.779613782081604,0.4006,1.682022357749939,19.96938775510204,170,1.4369427844940219e-05,1,-0.02207999999999999,103.2,NVIDIA GeForce RTX 3090
NODE,173611,4,2,0.001,1e-05,0.43506,1.6165418674468994,0.4363,1.5991318050384522,20.0,38,0.0009914296679198742,1,-0.0012400000000000189,121.2,NVIDIA GeForce RTX 3090
NODE,173611,4,2,0.001,1e-06,0.43506,1.6165418674468994,0.4363,1.5991318050384522,20.0,68,0.00014628803182858974,1,-0.0012400000000000189,121.2,NVIDIA GeForce RTX 3090
NODE,173611,4,2,0.001,1e-07,0.43506,1.6165418674468994,0.4363,1.5991318050384522,20.0,194,1.78262525878381e-05,1,-0.0012400000000000189,121.2,NVIDIA GeForce RTX 3090
NODE,173611,4,3,0.001,1e-05,0.45114,1.570924112625122,0.4482,1.566835235977173,20.0,38,0.0006285736453719437,1,0.002939999999999998,135.7,NVIDIA GeForce RTX 3090
NODE,173611,4,3,0.001,1e-06,0.45114,1.570924112625122,0.4482,1.566835235977173,20.0,74,0.00011692789848893881,1,0.002939999999999998,135.7,NVIDIA GeForce RTX 3090
NODE,173611,4,3,0.001,1e-07,0.45114,1.570924112625122,0.4482,1.566835235977173,20.0,206,4.2513798689469695e-05,1,0.002939999999999998,135.7,NVIDIA GeForce RTX 3090
NODE,173611,4,4,0.001,1e-05,0.46998,1.5032677735519409,0.4554,1.52165789604187,20.0,44,0.0005615989794023335,1,0.014579999999999982,140.2,NVIDIA GeForce RTX 3090
NODE,173611,4,4,0.001,1e-06,0.46998,1.5032677735519409,0.4554,1.52165789604187,20.0,80,7.993041799636558e-05,1,0.014579999999999982,140.2,NVIDIA GeForce RTX 3090
NODE,173611,4,4,0.001,1e-07,0.46998,1.5032677735519409,0.4554,1.52165789604187,20.0,248,7.193724741227925e-05,1,0.014579999999999982,140.2,NVIDIA GeForce RTX 3090
NODE,173611,4,5,0.001,1e-05,0.48956,1.4360985816955567,0.4707,1.471473744392395,20.0,44,0.0006205443060025573,1,0.018859999999999988,146.8,NVIDIA GeForce RTX 3090
NODE,173611,4,5,0.001,1e-06,0.48956,1.4360985816955567,0.4707,1.471473744392395,20.0,86,0.00014528277097269893,1,0.018859999999999988,146.8,NVIDIA GeForce RTX 3090
NODE,173611,4,5,0.001,1e-07,0.48956,1.4360985816955567,0.4707,1.471473744392395,20.0,284,5.618521390715614e-05,1,0.018859999999999988,146.8,NVIDIA GeForce RTX 3090
NODE,173611,4,6,0.001,1e-05,0.5093,1.3771583324432373,0.4924,1.4206362325668336,20.887755102040817,50,0.0009238676866516471,1,0.01689999999999997,144.3,NVIDIA GeForce RTX 3090
NODE,173611,4,6,0.001,1e-06,0.5093,1.3771583324432373,0.4924,1.4206362325668336,20.887755102040817,98,0.00023654440883547068,1,0.01689999999999997,144.3,NVIDIA GeForce RTX 3090
NODE,173611,4,6,0.001,1e-07,0.5093,1.3771583324432373,0.4924,1.4206362325668336,20.887755102040817,326,3.245260086259805e-05,1,0.01689999999999997,144.3,NVIDIA GeForce RTX 3090
NODE,173611,4,7,0.001,1e-05,0.53434,1.3066434075546265,0.4932,1.3951317710876465,25.93877551020408,50,0.0005017052171751857,1,0.04114000000000001,155.1,NVIDIA GeForce RTX 3090
NODE,173611,4,7,0.001,1e-06,0.53434,1.3066434075546265,0.4932,1.3951317710876465,25.93877551020408,98,0.00022111492580734193,1,0.04114000000000001,155.1,NVIDIA GeForce RTX 3090
NODE,173611,4,7,0.001,1e-07,0.53434,1.3066434075546265,0.4932,1.3951317710876465,25.93877551020408,326,5.3774532716488466e-05,1,0.04114000000000001,155.1,NVIDIA GeForce RTX 3090
NODE,173611,4,8,0.001,1e-05,0.55794,1.2386364957427978,0.5169,1.3406151205062866,26.0,56,0.0006376816891133785,1,0.041039999999999965,143.5,NVIDIA GeForce RTX 3090
NODE,173611,4,8,0.001,1e-06,0.55794,1.2386364957427978,0.5169,1.3406151205062866,26.0,110,0.0002089125628117472,1,0.041039999999999965,143.5,NVIDIA GeForce RTX 3090
NODE,173611,4,8,0.001,1e-07,0.55794,1.2386364957427978,0.5169,1.3406151205062866,26.0,368,5.8151810662820935e-05,1,0.041039999999999965,143.5,NVIDIA GeForce RTX 3090
NODE,173611,4,9,0.001,1e-05,0.58316,1.1769469230651854,0.5288,1.318575256729126,26.0,56,0.0005056463414803147,1,0.054359999999999964,136.2,NVIDIA GeForce RTX 3090
NODE,173611,4,9,0.001,1e-06,0.58316,1.1769469230651854,0.5288,1.318575256729126,26.0,116,0.0001967775751836598,1,0.054359999999999964,136.2,NVIDIA GeForce RTX 3090
NODE,173611,4,9,0.001,1e-07,0.58316,1.1769469230651854,0.5288,1.318575256729126,26.0,392,7.408792589558288e-05,1,0.054359999999999964,136.2,NVIDIA GeForce RTX 3090
NODE,173611,4,10,0.001,1e-05,0.59962,1.129501086807251,0.5371,1.3081313577651978,26.0,56,0.0006527882069349289,1,0.06252000000000002,153.0,NVIDIA GeForce RTX 3090
NODE,173611,4,10,0.001,1e-06,0.59962,1.129501086807251,0.5371,1.3081313577651978,26.0,116,0.00012037894339300692,1,0.06252000000000002,153.0,NVIDIA GeForce RTX 3090
NODE,173611,4,10,0.001,1e-07,0.59962,1.129501086807251,0.5371,1.3081313577651978,26.0,386,3.6281860957387835e-05,1,0.06252000000000002,153.0,NVIDIA GeForce RTX 3090
ANODE-p10,172452,0,1,0.001,1e-05,0.36452,1.8166395204925536,0.4011,1.6830807369232177,19.418367346938776,32,0.00040354367229156196,1,-0.03658,61.5,NVIDIA GeForce RTX 3090
ANODE-p10,172452,0,1,0.001,1e-06,0.36452,1.8166395204925536,0.4011,1.6830807369232177,19.418367346938776,50,8.878334483597428e-05,1,-0.03658,61.5,NVIDIA GeForce RTX 3090
ANODE-p10,172452,0,1,0.001,1e-07,0.36452,1.8166395204925536,0.4011,1.6830807369232177,19.418367346938776,92,2.143987876479514e-05,1,-0.03658,61.5,NVIDIA GeForce RTX 3090
ANODE-p10,172452,0,2,0.001,1e-05,0.44864,1.5710342821502685,0.4614,1.517810139465332,20.0,32,0.0006179785123094916,1,-0.012759999999999994,69.0,NVIDIA GeForce RTX 3090
ANODE-p10,172452,0,2,0.001,1e-06,0.44864,1.5710342821502685,0.4614,1.517810139465332,20.0,50,0.00021420654957182705,1,-0.012759999999999994,69.0,NVIDIA GeForce RTX 3090
ANODE-p10,172452,0,2,0.001,1e-07,0.44864,1.5710342821502685,0.4614,1.517810139465332,20.0,98,2.3249516743817367e-05,1,-0.012759999999999994,69.0,NVIDIA GeForce RTX 3090
ANODE-p10,172452,0,3,0.001,1e-05,0.49444,1.4424156031417847,0.5075,1.3852585176467895,20.0,32,0.0008844152325764298,1,-0.01305999999999996,76.4,NVIDIA GeForce RTX 3090
ANODE-p10,172452,0,3,0.001,1e-06,0.49444,1.4424156031417847,0.5075,1.3852585176467895,20.0,50,0.00025411794194951653,1,-0.01305999999999996,76.4,NVIDIA GeForce RTX 3090
ANODE-p10,172452,0,3,0.001,1e-07,0.49444,1.4424156031417847,0.5075,1.3852585176467895,20.0,104,3.8541602407349274e-05,1,-0.01305999999999996,76.4,NVIDIA GeForce RTX 3090
ANODE-p10,172452,0,4,0.001,1e-05,0.54986,1.2767789822006226,0.5458,1.2701371725082398,20.0,32,0.0009454212267883122,1,0.0040600000000000636,75.7,NVIDIA GeForce RTX 3090
ANODE-p10,172452,0,4,0.001,1e-06,0.54986,1.2767789822006226,0.5458,1.2701371725082398,20.0,56,0.00017164766904897988,1,0.0040600000000000636,75.7,NVIDIA GeForce RTX 3090
ANODE-p10,172452,0,4,0.001,1e-07,0.54986,1.2767789822006226,0.5458,1.2701371725082398,20.0,116,2.572258199506905e-05,1,0.0040600000000000636,75.7,NVIDIA GeForce RTX 3090
ANODE-p10,172452,0,5,0.001,1e-05,0.5893,1.1615190264511108,0.5675,1.2131444766998292,20.0,38,0.0009779068641364574,1,0.02180000000000004,76.0,NVIDIA GeForce RTX 3090
ANODE-p10,172452,0,5,0.001,1e-06,0.5893,1.1615190264511108,0.5675,1.2131444766998292,20.0,62,0.00014391982404049486,1,0.02180000000000004,76.0,NVIDIA GeForce RTX 3090
ANODE-p10,172452,0,5,0.001,1e-07,0.5893,1.1615190264511108,0.5675,1.2131444766998292,20.0,134,2.6346591766923666e-05,1,0.02180000000000004,76.0,NVIDIA GeForce RTX 3090
ANODE-p10,172452,0,6,0.001,1e-05,0.61436,1.0948165412521362,0.5751,1.1956784740447999,20.0,38,0.0009198879706673324,1,0.03926000000000007,76.5,NVIDIA GeForce RTX 3090
ANODE-p10,172452,0,6,0.001,1e-06,0.61436,1.0948165412521362,0.5751,1.1956784740447999,20.0,68,0.00015365428407676518,1,0.03926000000000007,76.5,NVIDIA GeForce RTX 3090
ANODE-p10,172452,0,6,0.001,1e-07,0.61436,1.0948165412521362,0.5751,1.1956784740447999,20.0,134,2.612270873214584e-05,1,0.03926000000000007,76.5,NVIDIA GeForce RTX 3090
ANODE-p10,172452,0,7,0.001,1e-05,0.63702,1.0324491860961913,0.5863,1.161503081703186,20.0,38,0.0009626378305256367,1,0.05071999999999999,77.1,NVIDIA GeForce RTX 3090
ANODE-p10,172452,0,7,0.001,1e-06,0.63702,1.0324491860961913,0.5863,1.161503081703186,20.0,68,0.00016239870456047356,1,0.05071999999999999,77.1,NVIDIA GeForce RTX 3090
ANODE-p10,172452,0,7,0.001,1e-07,0.63702,1.0324491860961913,0.5863,1.161503081703186,20.0,146,3.165340604027733e-05,1,0.05071999999999999,77.1,NVIDIA GeForce RTX 3090
ANODE-p10,172452,0,8,0.001,1e-05,0.65676,0.9793470265579224,0.5879,1.188459840965271,20.0,44,0.000623890315182507,1,0.06886000000000003,78.7,NVIDIA GeForce RTX 3090
ANODE-p10,172452,0,8,0.001,1e-06,0.65676,0.9793470265579224,0.5879,1.188459840965271,20.0,74,0.00018664472736418247,1,0.06886000000000003,78.7,NVIDIA GeForce RTX 3090
ANODE-p10,172452,0,8,0.001,1e-07,0.65676,0.9793470265579224,0.5879,1.188459840965271,20.0,158,2.965095882245805e-05,1,0.06886000000000003,78.7,NVIDIA GeForce RTX 3090
ANODE-p10,172452,0,9,0.001,1e-05,0.67808,0.9153537734603882,0.5927,1.1684528242111205,20.0,44,0.0008334078011102974,1,0.08538000000000001,87.0,NVIDIA GeForce RTX 3090
ANODE-p10,172452,0,9,0.001,1e-06,0.67808,0.9153537734603882,0.5927,1.1684528242111205,20.0,80,0.0001259062992176041,1,0.08538000000000001,87.0,NVIDIA GeForce RTX 3090
ANODE-p10,172452,0,9,0.001,1e-07,0.67808,0.9153537734603882,0.5927,1.1684528242111205,20.0,170,2.9692473617615178e-05,1,0.08538000000000001,87.0,NVIDIA GeForce RTX 3090
ANODE-p10,172452,0,10,0.001,1e-05,0.6972,0.8642380072402954,0.6061,1.128238814163208,20.0,44,0.0010541881201788783,1,0.09110000000000007,90.5,NVIDIA GeForce RTX 3090
ANODE-p10,172452,0,10,0.001,1e-06,0.6972,0.8642380072402954,0.6061,1.128238814163208,20.0,86,0.00017692611436359584,1,0.09110000000000007,90.5,NVIDIA GeForce RTX 3090
ANODE-p10,172452,0,10,0.001,1e-07,0.6972,0.8642380072402954,0.6061,1.128238814163208,20.0,182,3.273447509855032e-05,1,0.09110000000000007,90.5,NVIDIA GeForce RTX 3090
ANODE-p10,172452,1,1,0.001,1e-05,0.3632,1.8101153104400636,0.4308,1.6240753370285035,18.836734693877553,32,0.00045912934001535177,1,-0.0676,51.8,NVIDIA GeForce RTX 3090
ANODE-p10,172452,1,1,0.001,1e-06,0.3632,1.8101153104400636,0.4308,1.6240753370285035,18.836734693877553,44,0.00010898281470872462,1,-0.0676,51.8,NVIDIA GeForce RTX 3090
ANODE-p10,172452,1,1,0.001,1e-07,0.3632,1.8101153104400636,0.4308,1.6240753370285035,18.836734693877553,92,2.0018627765239216e-05,1,-0.0676,51.8,NVIDIA GeForce RTX 3090
ANODE-p10,172452,1,2,0.001,1e-05,0.45612,1.5546003533172608,0.4622,1.525618309211731,20.0,32,0.000684402126353234,1,-0.006079999999999974,57.5,NVIDIA GeForce RTX 3090
ANODE-p10,172452,1,2,0.001,1e-06,0.45612,1.5546003533172608,0.4622,1.525618309211731,20.0,62,0.00014500983525067568,1,-0.006079999999999974,57.5,NVIDIA GeForce RTX 3090
ANODE-p10,172452,1,2,0.001,1e-07,0.45612,1.5546003533172608,0.4622,1.525618309211731,20.0,122,2.337650403205771e-05,1,-0.006079999999999974,57.5,NVIDIA GeForce RTX 3090
ANODE-p10,172452,1,3,0.001,1e-05,0.49974,1.4306877880096436,0.5061,1.3996916030883788,20.0,38,0.0008138857665471733,1,-0.006359999999999977,64.2,NVIDIA GeForce RTX 3090
ANODE-p10,172452,1,3,0.001,1e-06,0.49974,1.4306877880096436,0.5061,1.3996916030883788,20.0,68,0.0001470100978622213,1,-0.006359999999999977,64.2,NVIDIA GeForce RTX 3090
ANODE-p10,172452,1,3,0.001,1e-07,0.49974,1.4306877880096436,0.5061,1.3996916030883788,20.0,152,2.3919019440654665e-05,1,-0.006359999999999977,64.2,NVIDIA GeForce RTX 3090
ANODE-p10,172452,1,4,0.001,1e-05,0.52548,1.3489136489105225,0.5006,1.406907603263855,20.0,44,0.0009740806999616325,1,0.024879999999999902,66.0,NVIDIA GeForce RTX 3090
ANODE-p10,172452,1,4,0.001,1e-06,0.52548,1.3489136489105225,0.5006,1.406907603263855,20.0,74,0.000219848079723306,1,0.024879999999999902,66.0,NVIDIA GeForce RTX 3090
ANODE-p10,172452,1,4,0.001,1e-07,0.52548,1.3489136489105225,0.5006,1.406907603263855,20.0,164,2.9425982575048693e-05,1,0.024879999999999902,66.0,NVIDIA GeForce RTX 3090
ANODE-p10,172452,1,5,0.001,1e-05,0.54522,1.2932690602111816,0.5217,1.350142453956604,20.0,44,0.0008104790467768908,1,0.023519999999999985,68.0,NVIDIA GeForce RTX 3090
ANODE-p10,172452,1,5,0.001,1e-06,0.54522,1.2932690602111816,0.5217,1.350142453956604,20.0,80,0.00016267049068119377,1,0.023519999999999985,68.0,NVIDIA GeForce RTX 3090
ANODE-p10,172452,1,5,0.001,1e-07,0.54522,1.2932690602111816,0.5217,1.350142453956604,20.0,176,3.329442552058026e-05,1,0.023519999999999985,68.0,NVIDIA GeForce RTX 3090
ANODE-p10,172452,1,6,0.001,1e-05,0.56572,1.2297134525299072,0.5434,1.2995888305664063,21.867346938775512,50,0.002488235244527459,1,0.022320000000000007,69.0,NVIDIA GeForce RTX 3090
ANODE-p10,172452,1,6,0.001,1e-06,0.56572,1.2297134525299072,0.5434,1.2995888305664063,21.867346938775512,86,0.0004811318649444729,1,0.022320000000000007,69.0,NVIDIA GeForce RTX 3090
ANODE-p10,172452,1,6,0.001,1e-07,0.56572,1.2297134525299072,0.5434,1.2995888305664063,21.867346938775512,188,6.491698150057346e-05,1,0.022320000000000007,69.0,NVIDIA GeForce RTX 3090
ANODE-p10,172452,1,7,0.001,1e-05,0.60122,1.137967218093872,0.5672,1.2287110675811768,26.0,50,0.0049993302673101425,1,0.03401999999999994,75.2,NVIDIA GeForce RTX 3090
ANODE-p10,172452,1,7,0.001,1e-06,0.60122,1.137967218093872,0.5672,1.2287110675811768,26.0,92,0.0009879342978820205,1,0.03401999999999994,75.2,NVIDIA GeForce RTX 3090
ANODE-p10,172452,1,7,0.001,1e-07,0.60122,1.137967218093872,0.5672,1.2287110675811768,26.0,200,0.00017136969836428761,1,0.03401999999999994,75.2,NVIDIA GeForce RTX 3090
ANODE-p10,172452,1,8,0.001,1e-05,0.63136,1.0468837341690063,0.5804,1.1960685466766356,26.0,50,0.04242178797721863,0,0.050960000000000005,80.4,NVIDIA GeForce RTX 3090
ANODE-p10,172452,1,8,0.001,1e-06,0.63136,1.0468837341690063,0.5804,1.1960685466766356,26.0,92,0.0029342644847929478,1,0.050960000000000005,80.4,NVIDIA GeForce RTX 3090
ANODE-p10,172452,1,8,0.001,1e-07,0.63136,1.0468837341690063,0.5804,1.1960685466766356,26.0,206,0.0006055265548639,1,0.050960000000000005,80.4,NVIDIA GeForce RTX 3090
ANODE-p10,172452,1,9,0.001,1e-05,0.65862,0.9778763395309448,0.5895,1.1762525424957275,26.0,56,0.01487076934427023,0,0.06911999999999996,86.5,NVIDIA GeForce RTX 3090
ANODE-p10,172452,1,9,0.001,1e-06,0.65862,0.9778763395309448,0.5895,1.1762525424957275,26.0,98,0.0022851552348583937,1,0.06911999999999996,86.5,NVIDIA GeForce RTX 3090
ANODE-p10,172452,1,9,0.001,1e-07,0.65862,0.9778763395309448,0.5895,1.1762525424957275,26.0,224,0.0016289871418848634,1,0.06911999999999996,86.5,NVIDIA GeForce RTX 3090
ANODE-p10,172452,1,10,0.001,1e-05,0.68062,0.9148030987358093,0.588,1.192262621307373,26.0,56,0.02085013873875141,0,0.09262000000000004,90.3,NVIDIA GeForce RTX 3090
ANODE-p10,172452,1,10,0.001,1e-06,0.68062,0.9148030987358093,0.588,1.192262621307373,26.0,98,0.0032153495121747255,1,0.09262000000000004,90.3,NVIDIA GeForce RTX 3090
ANODE-p10,172452,1,10,0.001,1e-07,0.68062,0.9148030987358093,0.588,1.192262621307373,26.0,230,0.0010836250148713589,1,0.09262000000000004,90.3,NVIDIA GeForce RTX 3090
ANODE-p10,172452,2,1,0.001,1e-05,0.36466,1.8172218194580079,0.4272,1.6229055547714233,17.06122448979592,32,0.0005601822049356997,1,-0.06254000000000004,49.7,NVIDIA GeForce RTX 3090
ANODE-p10,172452,2,1,0.001,1e-06,0.36466,1.8172218194580079,0.4272,1.6229055547714233,17.06122448979592,50,8.133537630783394e-05,1,-0.06254000000000004,49.7,NVIDIA GeForce RTX 3090
ANODE-p10,172452,2,1,0.001,1e-07,0.36466,1.8172218194580079,0.4272,1.6229055547714233,17.06122448979592,92,2.0737439626827836e-05,1,-0.06254000000000004,49.7,NVIDIA GeForce RTX 3090
ANODE-p10,172452,2,2,0.001,1e-05,0.4529,1.5568398440551758,0.4685,1.5115690128326416,20.0,32,0.0006552037666551769,1,-0.015600000000000003,57.4,NVIDIA GeForce RTX 3090
ANODE-p10,172452,2,2,0.001,1e-06,0.4529,1.5568398440551758,0.4685,1.5115690128326416,20.0,62,0.00011902801634278148,1,-0.015600000000000003,57.4,NVIDIA GeForce RTX 3090
ANODE-p10,172452,2,2,0.001,1e-07,0.4529,1.5568398440551758,0.4685,1.5115690128326416,20.0,116,2.2305323000182398e-05,1,-0.015600000000000003,57.4,NVIDIA GeForce RTX 3090
ANODE-p10,172452,2,3,0.001,1e-05,0.51112,1.3821514623641968,0.5249,1.3331154987335205,20.0,38,0.0006653677555732429,1,-0.013780000000000014,62.7,NVIDIA GeForce RTX 3090
ANODE-p10,172452,2,3,0.001,1e-06,0.51112,1.3821514623641968,0.5249,1.3331154987335205,20.0,62,0.00014920650573913008,1,-0.013780000000000014,62.7,NVIDIA GeForce RTX 3090
ANODE-p10,172452,2,3,0.001,1e-07,0.51112,1.3821514623641968,0.5249,1.3331154987335205,20.0,140,2.630542076076381e-05,1,-0.013780000000000014,62.7,NVIDIA GeForce RTX 3090
ANODE-p10,172452,2,4,0.001,1e-05,0.56814,1.2265813877105713,0.5577,1.2412859228134154,20.0,38,0.0007535498589277267,1,0.010440000000000005,62.6,NVIDIA GeForce RTX 3090
ANODE-p10,172452,2,4,0.001,1e-06,0.56814,1.2265813877105713,0.5577,1.2412859228134154,20.0,68,0.00014352505968417972,1,0.010440000000000005,62.6,NVIDIA GeForce RTX 3090
ANODE-p10,172452,2,4,0.001,1e-07,0.56814,1.2265813877105713,0.5577,1.2412859228134154,20.0,140,2.3468497602152638e-05,1,0.010440000000000005,62.6,NVIDIA GeForce RTX 3090
ANODE-p10,172452,2,5,0.001,1e-05,0.60222,1.1291021117401123,0.5776,1.1962611177444458,20.0,44,0.0006410683854483068,1,0.024619999999999975,62.9,NVIDIA GeForce RTX 3090
ANODE-p10,172452,2,5,0.001,1e-06,0.60222,1.1291021117401123,0.5776,1.1962611177444458,20.0,74,0.000156213907757774,1,0.024619999999999975,62.9,NVIDIA GeForce RTX 3090
ANODE-p10,172452,2,5,0.001,1e-07,0.60222,1.1291021117401123,0.5776,1.1962611177444458,20.0,158,2.5685583750600927e-05,1,0.024619999999999975,62.9,NVIDIA GeForce RTX 3090
ANODE-p10,172452,2,6,0.001,1e-05,0.62978,1.059068951034546,0.5772,1.1934693464279176,20.0,44,0.0009168622782453895,1,0.05257999999999996,64.1,NVIDIA GeForce RTX 3090
ANODE-p10,172452,2,6,0.001,1e-06,0.62978,1.059068951034546,0.5772,1.1934693464279176,20.0,80,0.00015714725304860622,1,0.05257999999999996,64.1,NVIDIA GeForce RTX 3090
ANODE-p10,172452,2,6,0.001,1e-07,0.62978,1.059068951034546,0.5772,1.1934693464279176,20.0,170,2.4973121981020086e-05,1,0.05257999999999996,64.1,NVIDIA GeForce RTX 3090
ANODE-p10,172452,2,7,0.001,1e-05,0.64824,0.996588418006897,0.5932,1.1492363786697388,20.0,44,0.0009561789920553565,1,0.05504000000000009,70.6,NVIDIA GeForce RTX 3090
ANODE-p10,172452,2,7,0.001,1e-06,0.64824,0.996588418006897,0.5932,1.1492363786697388,20.0,86,0.00017863295215647668,1,0.05504000000000009,70.6,NVIDIA GeForce RTX 3090
ANODE-p10,172452,2,7,0.001,1e-07,0.64824,0.996588418006897,0.5932,1.1492363786697388,20.0,188,2.638643854879774e-05,1,0.05504000000000009,70.6,NVIDIA GeForce RTX 3090
ANODE-p10,172452,2,8,0.001,1e-05,0.67332,0.9377183637809754,0.5817,1.1908709308624268,20.0,50,0.0007050506537780166,1,0.09162000000000003,75.6,NVIDIA GeForce RTX 3090
ANODE-p10,172452,2,8,0.001,1e-06,0.67332,0.9377183637809754,0.5817,1.1908709308624268,20.0,92,0.0001520857767900452,1,0.09162000000000003,75.6,NVIDIA GeForce RTX 3090
ANODE-p10,172452,2,8,0.001,1e-07,0.67332,0.9377183637809754,0.5817,1.1908709308624268,20.0,206,3.4259905078215525e-05,1,0.09162000000000003,75.6,NVIDIA GeForce RTX 3090
ANODE-p10,172452,2,9,0.001,1e-05,0.69278,0.8795426752662658,0.6085,1.1227612758636474,21.591836734693878,50,0.001134919817559421,1,0.08427999999999991,84.7,NVIDIA GeForce RTX 3090
ANODE-p10,172452,2,9,0.001,1e-06,0.69278,0.8795426752662658,0.6085,1.1227612758636474,21.591836734693878,92,0.00015466874174308032,1,0.08427999999999991,84.7,NVIDIA GeForce RTX 3090
ANODE-p10,172452,2,9,0.001,1e-07,0.69278,0.8795426752662658,0.6085,1.1227612758636474,21.591836734693878,218,3.971655314671807e-05,1,0.08427999999999991,84.7,NVIDIA GeForce RTX 3090
ANODE-p10,172452,2,10,0.001,1e-05,0.71484,0.8205917297172547,0.5921,1.1998183206558228,25.96938775510204,50,0.0010344503680244088,1,0.12274000000000007,92.5,NVIDIA GeForce RTX 3090
ANODE-p10,172452,2,10,0.001,1e-06,0.71484,0.8205917297172547,0.5921,1.1998183206558228,25.96938775510204,98,0.0001823077182052657,1,0.12274000000000007,92.5,NVIDIA GeForce RTX 3090
ANODE-p10,172452,2,10,0.001,1e-07,0.71484,0.8205917297172547,0.5921,1.1998183206558228,25.96938775510204,224,7.800167077220976e-05,1,0.12274000000000007,92.5,NVIDIA GeForce RTX 3090
ANODE-p10,172452,3,1,0.001,1e-05,0.36962,1.7938146863174438,0.4384,1.58654609375,19.96938775510204,32,0.0006498991278931499,1,-0.06878000000000001,52.4,NVIDIA GeForce RTX 3090
ANODE-p10,172452,3,1,0.001,1e-06,0.36962,1.7938146863174438,0.4384,1.58654609375,19.96938775510204,50,0.00010910980199696496,1,-0.06878000000000001,52.4,NVIDIA GeForce RTX 3090
ANODE-p10,172452,3,1,0.001,1e-07,0.36962,1.7938146863174438,0.4384,1.58654609375,19.96938775510204,92,2.047699126705993e-05,1,-0.06878000000000001,52.4,NVIDIA GeForce RTX 3090
ANODE-p10,172452,3,2,0.001,1e-05,0.4576,1.5485554247283935,0.4731,1.4923217752456666,20.0,32,0.0005101513816043735,1,-0.015500000000000014,56.0,NVIDIA GeForce RTX 3090
ANODE-p10,172452,3,2,0.001,1e-06,0.4576,1.5485554247283935,0.4731,1.4923217752456666,20.0,56,0.00011237978469580412,1,-0.015500000000000014,56.0,NVIDIA GeForce RTX 3090
ANODE-p10,172452,3,2,0.001,1e-07,0.4576,1.5485554247283935,0.4731,1.4923217752456666,20.0,116,1.889294981083367e-05,1,-0.015500000000000014,56.0,NVIDIA GeForce RTX 3090
ANODE-p10,172452,3,3,0.001,1e-05,0.5059,1.402932832221985,0.5118,1.3823862009048462,20.0,38,0.0005506441812030971,1,-0.005900000000000016,62.8,NVIDIA GeForce RTX 3090
ANODE-p10,172452,3,3,0.001,1e-06,0.5059,1.402932832221985,0.5118,1.3823862009048462,20.0,62,0.00012242763477843255,1,-0.005900000000000016,62.8,NVIDIA GeForce RTX 3090
ANODE-p10,172452,3,3,0.001,1e-07,0.5059,1.402932832221985,0.5118,1.3823862009048462,20.0,128,2.12716495298082e-05,1,-0.005900000000000016,62.8,NVIDIA GeForce RTX 3090
ANODE-p10,172452,3,4,0.001,1e-05,0.5383,1.3053648949050902,0.5144,1.3625997608184814,20.0,38,0.0005827632267028093,1,0.023900000000000032,63.3,NVIDIA GeForce RTX 3090
ANODE-p10,172452,3,4,0.001,1e-06,0.5383,1.3053648949050902,0.5144,1.3625997608184814,20.0,68,0.00014431116869673133,1,0.023900000000000032,63.3,NVIDIA GeForce RTX 3090
ANODE-p10,172452,3,4,0.001,1e-07,0.5383,1.3053648949050902,0.5144,1.3625997608184814,20.0,140,2.6284877094440162e-05,1,0.023900000000000032,63.3,NVIDIA GeForce RTX 3090
ANODE-p10,172452,3,5,0.001,1e-05,0.56004,1.2423036963653564,0.5282,1.311117661857605,20.0,38,0.0007730505312792957,1,0.03183999999999998,63.5,NVIDIA GeForce RTX 3090
ANODE-p10,172452,3,5,0.001,1e-06,0.56004,1.2423036963653564,0.5282,1.311117661857605,20.0,68,0.0001755662087816745,1,0.03183999999999998,63.5,NVIDIA GeForce RTX 3090
ANODE-p10,172452,3,5,0.001,1e-07,0.56004,1.2423036963653564,0.5282,1.311117661857605,20.0,152,3.0423154385061935e-05,1,0.03183999999999998,63.5,NVIDIA GeForce RTX 3090
ANODE-p10,172452,3,6,0.001,1e-05,0.59382,1.1491906685256958,0.5627,1.2191295001983642,20.0,44,0.0008869355660863221,1,0.031120000000000037,64.0,NVIDIA GeForce RTX 3090
ANODE-p10,172452,3,6,0.001,1e-06,0.59382,1.1491906685256958,0.5627,1.2191295001983642,20.0,74,0.0001964695838978514,1,0.031120000000000037,64.0,NVIDIA GeForce RTX 3090
ANODE-p10,172452,3,6,0.001,1e-07,0.59382,1.1491906685256958,0.5627,1.2191295001983642,20.0,158,3.698336877278052e-05,1,0.031120000000000037,64.0,NVIDIA GeForce RTX 3090
ANODE-p10,172452,3,7,0.001,1e-05,0.6293,1.053880059108734,0.5863,1.168798394203186,20.0,44,0.0010551119921728969,1,0.04299999999999993,68.4,NVIDIA GeForce RTX 3090
ANODE-p10,172452,3,7,0.001,1e-06,0.6293,1.053880059108734,0.5863,1.168798394203186,20.0,80,0.00020170173957012594,1,0.04299999999999993,68.4,NVIDIA GeForce RTX 3090
ANODE-p10,172452,3,7,0.001,1e-07,0.6293,1.053880059108734,0.5863,1.168798394203186,20.0,170,3.782426938414574e-05,1,0.04299999999999993,68.4,NVIDIA GeForce RTX 3090
ANODE-p10,172452,3,8,0.001,1e-05,0.65374,0.9910245987701416,0.5861,1.1686076210021972,20.0,50,0.0010663269786164165,1,0.06764000000000003,74.0,NVIDIA GeForce RTX 3090
ANODE-p10,172452,3,8,0.001,1e-06,0.65374,0.9910245987701416,0.5861,1.1686076210021972,20.0,86,0.00022743990120943636,1,0.06764000000000003,74.0,NVIDIA GeForce RTX 3090
ANODE-p10,172452,3,8,0.001,1e-07,0.65374,0.9910245987701416,0.5861,1.1686076210021972,20.0,188,3.9727528928779066e-05,1,0.06764000000000003,74.0,NVIDIA GeForce RTX 3090
ANODE-p10,172452,3,9,0.001,1e-05,0.6759,0.9301341278457642,0.5963,1.1389814491271972,20.0,50,0.001049565034918487,1,0.0795999999999999,79.3,NVIDIA GeForce RTX 3090
ANODE-p10,172452,3,9,0.001,1e-06,0.6759,0.9301341278457642,0.5963,1.1389814491271972,20.0,92,0.00031477113952860236,1,0.0795999999999999,79.3,NVIDIA GeForce RTX 3090
ANODE-p10,172452,3,9,0.001,1e-07,0.6759,0.9301341278457642,0.5963,1.1389814491271972,20.0,200,4.710538632934913e-05,1,0.0795999999999999,79.3,NVIDIA GeForce RTX 3090
ANODE-p10,172452,3,10,0.001,1e-05,0.70166,0.8577553677749634,0.5861,1.2087429441452027,20.0,50,0.0022619133815169334,1,0.11556,82.6,NVIDIA GeForce RTX 3090
ANODE-p10,172452,3,10,0.001,1e-06,0.70166,0.8577553677749634,0.5861,1.2087429441452027,20.0,98,0.0003253348986618221,1,0.11556,82.6,NVIDIA GeForce RTX 3090
ANODE-p10,172452,3,10,0.001,1e-07,0.70166,0.8577553677749634,0.5861,1.2087429441452027,20.0,212,4.827584052691236e-05,1,0.11556,82.6,NVIDIA GeForce RTX 3090
ANODE-p10,172452,4,1,0.001,1e-05,0.36948,1.8019985818099975,0.4284,1.6228102521896361,16.3265306122449,32,0.0005855797207914293,1,-0.05892000000000003,49.7,NVIDIA GeForce RTX 3090
ANODE-p10,172452,4,1,0.001,1e-06,0.36948,1.8019985818099975,0.4284,1.6228102521896361,16.3265306122449,44,9.27620567381382e-05,1,-0.05892000000000003,49.7,NVIDIA GeForce RTX 3090
ANODE-p10,172452,4,1,0.001,1e-07,0.36948,1.8019985818099975,0.4284,1.6228102521896361,16.3265306122449,92,2.461216354276985e-05,1,-0.05892000000000003,49.7,NVIDIA GeForce RTX 3090
ANODE-p10,172452,4,2,0.001,1e-05,0.4551,1.5519116202545167,0.4669,1.503632179069519,20.0,32,0.0007468872936442494,1,-0.011799999999999977,59.3,NVIDIA GeForce RTX 3090
ANODE-p10,172452,4,2,0.001,1e-06,0.4551,1.5519116202545167,0.4669,1.503632179069519,20.0,50,0.00010942499648081139,1,-0.011799999999999977,59.3,NVIDIA GeForce RTX 3090
ANODE-p10,172452,4,2,0.001,1e-07,0.4551,1.5519116202545167,0.4669,1.503632179069519,20.0,98,2.0990870325476862e-05,1,-0.011799999999999977,59.3,NVIDIA GeForce RTX 3090
ANODE-p10,172452,4,3,0.001,1e-05,0.49032,1.4505637438201904,0.5005,1.4165210489273072,20.0,32,0.0006907996139489114,1,-0.010179999999999967,63.7,NVIDIA GeForce RTX 3090
ANODE-p10,172452,4,3,0.001,1e-06,0.49032,1.4505637438201904,0.5005,1.4165210489273072,20.0,56,0.00011806412658188492,1,-0.010179999999999967,63.7,NVIDIA GeForce RTX 3090
ANODE-p10,172452,4,3,0.001,1e-07,0.49032,1.4505637438201904,0.5005,1.4165210489273072,20.0,116,2.3992946807993576e-05,1,-0.010179999999999967,63.7,NVIDIA GeForce RTX 3090
ANODE-p10,172452,4,4,0.001,1e-05,0.52366,1.3451353781509399,0.5058,1.374982437133789,20.0,38,0.0006488538347184658,1,0.017859999999999987,63.4,NVIDIA GeForce RTX 3090
ANODE-p10,172452,4,4,0.001,1e-06,0.52366,1.3451353781509399,0.5058,1.374982437133789,20.0,68,0.00014724116772413254,1,0.017859999999999987,63.4,NVIDIA GeForce RTX 3090
ANODE-p10,172452,4,4,0.001,1e-07,0.52366,1.3451353781509399,0.5058,1.374982437133789,20.0,128,2.337885416636709e-05,1,0.017859999999999987,63.4,NVIDIA GeForce RTX 3090
ANODE-p10,172452,4,5,0.001,1e-05,0.55278,1.2643760960769654,0.542,1.2995416614532471,20.0,38,0.001022796262986958,1,0.010780000000000012,63.0,NVIDIA GeForce RTX 3090
ANODE-p10,172452,4,5,0.001,1e-06,0.55278,1.2643760960769654,0.542,1.2995416614532471,20.0,68,0.0001668144395807758,1,0.010780000000000012,63.0,NVIDIA GeForce RTX 3090
ANODE-p10,172452,4,5,0.001,1e-07,0.55278,1.2643760960769654,0.542,1.2995416614532471,20.0,140,3.055610795854591e-05,1,0.010780000000000012,63.0,NVIDIA GeForce RTX 3090
ANODE-p10,172452,4,6,0.001,1e-05,0.58414,1.1756930157852172,0.5528,1.256594846534729,20.0,38,0.0010013168212026358,1,0.031340000000000034,65.2,NVIDIA GeForce RTX 3090
ANODE-p10,172452,4,6,0.001,1e-06,0.58414,1.1756930157852172,0.5528,1.256594846534729,20.0,68,0.00017242251487914473,1,0.031340000000000034,65.2,NVIDIA GeForce RTX 3090
ANODE-p10,172452,4,6,0.001,1e-07,0.58414,1.1756930157852172,0.5528,1.256594846534729,20.0,146,3.312258922960609e-05,1,0.031340000000000034,65.2,NVIDIA GeForce RTX 3090
ANODE-p10,172452,4,7,0.001,1e-05,0.62098,1.0833338689422607,0.5793,1.1901664867401123,20.0,44,0.001179430983029306,1,0.04167999999999994,68.2,NVIDIA GeForce RTX 3090
ANODE-p10,172452,4,7,0.001,1e-06,0.62098,1.0833338689422607,0.5793,1.1901664867401123,20.0,74,0.00020370283164083958,1,0.04167999999999994,68.2,NVIDIA GeForce RTX 3090
ANODE-p10,172452,4,7,0.001,1e-07,0.62098,1.0833338689422607,0.5793,1.1901664867401123,20.0,170,3.874095273204148e-05,1,0.04167999999999994,68.2,NVIDIA GeForce RTX 3090
ANODE-p10,172452,4,8,0.001,1e-05,0.64734,1.0104348423576355,0.5821,1.1679502431869506,20.0,44,0.0010608272859826684,1,0.06524000000000008,72.8,NVIDIA GeForce RTX 3090
ANODE-p10,172452,4,8,0.001,1e-06,0.64734,1.0104348423576355,0.5821,1.1679502431869506,20.0,80,0.00026978665846399963,1,0.06524000000000008,72.8,NVIDIA GeForce RTX 3090
ANODE-p10,172452,4,8,0.001,1e-07,0.64734,1.0104348423576355,0.5821,1.1679502431869506,20.0,170,3.9546961488667876e-05,1,0.06524000000000008,72.8,NVIDIA GeForce RTX 3090
ANODE-p10,172452,4,9,0.001,1e-05,0.66994,0.9477612895965576,0.594,1.1672039096832276,20.0,50,0.0012124113272875547,1,0.07594000000000001,76.6,NVIDIA GeForce RTX 3090
ANODE-p10,172452,4,9,0.001,1e-06,0.66994,0.9477612895965576,0.594,1.1672039096832276,20.0,86,0.00023998765391297638,1,0.07594000000000001,76.6,NVIDIA GeForce RTX 3090
ANODE-p10,172452,4,9,0.001,1e-07,0.66994,0.9477612895965576,0.594,1.1672039096832276,20.0,194,4.987066859030165e-05,1,0.07594000000000001,76.6,NVIDIA GeForce RTX 3090
ANODE-p10,172452,4,10,0.001,1e-05,0.6925,0.880764207572937,0.5949,1.1661883909225463,20.0,50,0.0021907356567680836,1,0.09760000000000002,81.4,NVIDIA GeForce RTX 3090
ANODE-p10,172452,4,10,0.001,1e-06,0.6925,0.880764207572937,0.5949,1.1661883909225463,20.0,92,0.0004202556738164276,1,0.09760000000000002,81.4,NVIDIA GeForce RTX 3090
ANODE-p10,172452,4,10,0.001,1e-07,0.6925,0.880764207572937,0.5949,1.1661883909225463,20.0,200,7.29279636288993e-05,1,0.09760000000000002,81.4,NVIDIA GeForce RTX 3090
